[2025-12-16 11:50:03] local.ERROR: Call to undefined method App\Models\Widget::isNotEmpty() (View: C:\laragon\www\tamviet-ecommerce\resources\views\frontend\components\featured-video.blade.php) {"exception":"[object] (Facade\\Ignition\\Exceptions\\ViewException(code: 0): Call to undefined method App\\Models\\Widget::isNotEmpty() (View: C:\\laragon\\www\\tamviet-ecommerce\\resources\\views\\frontend\\components\\featured-video.blade.php) at C:\\laragon\\www\\tamviet-ecommerce\\vendor\\laravel\\framework\\src\\Illuminate\\Support\\Traits\\ForwardsCalls.php:50)
[stacktrace]
#0 C:\\laragon\\www\\tamviet-ecommerce\\vendor\\laravel\\framework\\src\\Illuminate\\Support\\Traits\\ForwardsCalls.php(36): Illuminate\\Database\\Eloquent\\Model::throwBadMethodCallException('isNotEmpty')
#1 C:\\laragon\\www\\tamviet-ecommerce\\vendor\\laravel\\framework\\src\\Illuminate\\Database\\Eloquent\\Model.php(1736): Illuminate\\Database\\Eloquent\\Model->forwardCallTo(Object(Illuminate\\Database\\Eloquent\\Builder), 'isNotEmpty', Array)
#2 C:\\laragon\\www\\tamviet-ecommerce\\resources\\views/frontend/components/featured-video.blade.php(7): Illuminate\\Database\\Eloquent\\Model->__call('isNotEmpty', Array)
#3 C:\\laragon\\www\\tamviet-ecommerce\\vendor\\laravel\\framework\\src\\Illuminate\\View\\Engines\\PhpEngine.php(41): include('C:\\\\laragon\\\\www\\\\...')
#4 C:\\laragon\\www\\tamviet-ecommerce\\vendor\\laravel\\framework\\src\\Illuminate\\View\\Engines\\CompilerEngine.php(57): Illuminate\\View\\Engines\\PhpEngine->evaluatePath('C:\\\\laragon\\\\www\\\\...', Array)
#5 C:\\laragon\\www\\tamviet-ecommerce\\vendor\\facade\\ignition\\src\\Views\\Engines\\CompilerEngine.php(37): Illuminate\\View\\Engines\\CompilerEngine->get('C:\\\\laragon\\\\www\\\\...', Array)
#6 C:\\laragon\\www\\tamviet-ecommerce\\vendor\\laravel\\framework\\src\\Illuminate\\View\\View.php(139): Facade\\Ignition\\Views\\Engines\\CompilerEngine->get('C:\\\\laragon\\\\www\\\\...', Array)
#7 C:\\laragon\\www\\tamviet-ecommerce\\vendor\\laravel\\framework\\src\\Illuminate\\View\\View.php(122): Illuminate\\View\\View->getContents()
#8 C:\\laragon\\www\\tamviet-ecommerce\\vendor\\laravel\\framework\\src\\Illuminate\\View\\View.php(91): Illuminate\\View\\View->renderContents()
#9 C:\\laragon\\www\\tamviet-ecommerce\\resources\\views/frontend/home/index.blade.php(13): Illuminate\\View\\View->render()
#10 C:\\laragon\\www\\tamviet-ecommerce\\vendor\\laravel\\framework\\src\\Illuminate\\View\\Engines\\PhpEngine.php(41): include('C:\\\\laragon\\\\www\\\\...')
#11 C:\\laragon\\www\\tamviet-ecommerce\\vendor\\laravel\\framework\\src\\Illuminate\\View\\Engines\\CompilerEngine.php(57): Illuminate\\View\\Engines\\PhpEngine->evaluatePath('C:\\\\laragon\\\\www\\\\...', Array)
#12 C:\\laragon\\www\\tamviet-ecommerce\\vendor\\facade\\ignition\\src\\Views\\Engines\\CompilerEngine.php(37): Illuminate\\View\\Engines\\CompilerEngine->get('C:\\\\laragon\\\\www\\\\...', Array)
#13 C:\\laragon\\www\\tamviet-ecommerce\\vendor\\laravel\\framework\\src\\Illuminate\\View\\View.php(139): Facade\\Ignition\\Views\\Engines\\CompilerEngine->get('C:\\\\laragon\\\\www\\\\...', Array)
#14 C:\\laragon\\www\\tamviet-ecommerce\\vendor\\laravel\\framework\\src\\Illuminate\\View\\View.php(122): Illuminate\\View\\View->getContents()
#15 C:\\laragon\\www\\tamviet-ecommerce\\vendor\\laravel\\framework\\src\\Illuminate\\View\\View.php(91): Illuminate\\View\\View->renderContents()
#16 C:\\laragon\\www\\tamviet-ecommerce\\vendor\\laravel\\framework\\src\\Illuminate\\Http\\Response.php(62): Illuminate\\View\\View->render()
#17 C:\\laragon\\www\\tamviet-ecommerce\\vendor\\laravel\\framework\\src\\Illuminate\\Http\\Response.php(34): Illuminate\\Http\\Response->setContent(Object(Illuminate\\View\\View))
#18 C:\\laragon\\www\\tamviet-ecommerce\\vendor\\laravel\\framework\\src\\Illuminate\\Routing\\Router.php(759): Illuminate\\Http\\Response->__construct(Object(Illuminate\\View\\View), 200, Array)
#19 C:\\laragon\\www\\tamviet-ecommerce\\vendor\\laravel\\framework\\src\\Illuminate\\Routing\\Router.php(731): Illuminate\\Routing\\Router::toResponse(Object(Illuminate\\Http\\Request), Object(Illuminate\\View\\View))
#20 C:\\laragon\\www\\tamviet-ecommerce\\vendor\\laravel\\framework\\src\\Illuminate\\Routing\\Router.php(685): Illuminate\\Routing\\Router->prepareResponse(Object(Illuminate\\Http\\Request), Object(Illuminate\\View\\View))
#21 C:\\laragon\\www\\tamviet-ecommerce\\vendor\\laravel\\framework\\src\\Illuminate\\Pipeline\\Pipeline.php(128): Illuminate\\Routing\\Router->Illuminate\\Routing\\{closure}(Object(Illuminate\\Http\\Request))
#22 C:\\laragon\\www\\tamviet-ecommerce\\vendor\\php-flasher\\flasher-laravel\\Middleware\\FlasherMiddleware.php(34): Illuminate\\Pipeline\\Pipeline->Illuminate\\Pipeline\\{closure}(Object(Illuminate\\Http\\Request))
#23 C:\\laragon\\www\\tamviet-ecommerce\\vendor\\laravel\\framework\\src\\Illuminate\\Pipeline\\Pipeline.php(167): Flasher\\Laravel\\Middleware\\FlasherMiddleware->handle(Object(Illuminate\\Http\\Request), Object(Closure))
#24 C:\\laragon\\www\\tamviet-ecommerce\\vendor\\php-flasher\\flasher-laravel\\Middleware\\SessionMiddleware.php(34): Illuminate\\Pipeline\\Pipeline->Illuminate\\Pipeline\\{closure}(Object(Illuminate\\Http\\Request))
#25 C:\\laragon\\www\\tamviet-ecommerce\\vendor\\laravel\\framework\\src\\Illuminate\\Pipeline\\Pipeline.php(167): Flasher\\Laravel\\Middleware\\SessionMiddleware->handle(Object(Illuminate\\Http\\Request), Object(Closure))
#26 C:\\laragon\\www\\tamviet-ecommerce\\vendor\\laravel\\framework\\src\\Illuminate\\Routing\\Middleware\\SubstituteBindings.php(41): Illuminate\\Pipeline\\Pipeline->Illuminate\\Pipeline\\{closure}(Object(Illuminate\\Http\\Request))
#27 C:\\laragon\\www\\tamviet-ecommerce\\vendor\\laravel\\framework\\src\\Illuminate\\Pipeline\\Pipeline.php(167): Illuminate\\Routing\\Middleware\\SubstituteBindings->handle(Object(Illuminate\\Http\\Request), Object(Closure))
#28 C:\\laragon\\www\\tamviet-ecommerce\\vendor\\laravel\\framework\\src\\Illuminate\\Foundation\\Http\\Middleware\\VerifyCsrfToken.php(78): Illuminate\\Pipeline\\Pipeline->Illuminate\\Pipeline\\{closure}(Object(Illuminate\\Http\\Request))
#29 C:\\laragon\\www\\tamviet-ecommerce\\vendor\\laravel\\framework\\src\\Illuminate\\Pipeline\\Pipeline.php(167): Illuminate\\Foundation\\Http\\Middleware\\VerifyCsrfToken->handle(Object(Illuminate\\Http\\Request), Object(Closure))
#30 C:\\laragon\\www\\tamviet-ecommerce\\vendor\\laravel\\framework\\src\\Illuminate\\View\\Middleware\\ShareErrorsFromSession.php(49): Illuminate\\Pipeline\\Pipeline->Illuminate\\Pipeline\\{closure}(Object(Illuminate\\Http\\Request))
#31 C:\\laragon\\www\\tamviet-ecommerce\\vendor\\laravel\\framework\\src\\Illuminate\\Pipeline\\Pipeline.php(167): Illuminate\\View\\Middleware\\ShareErrorsFromSession->handle(Object(Illuminate\\Http\\Request), Object(Closure))
#32 C:\\laragon\\www\\tamviet-ecommerce\\vendor\\laravel\\framework\\src\\Illuminate\\Session\\Middleware\\StartSession.php(116): Illuminate\\Pipeline\\Pipeline->Illuminate\\Pipeline\\{closure}(Object(Illuminate\\Http\\Request))
#33 C:\\laragon\\www\\tamviet-ecommerce\\vendor\\laravel\\framework\\src\\Illuminate\\Session\\Middleware\\StartSession.php(62): Illuminate\\Session\\Middleware\\StartSession->handleStatefulRequest(Object(Illuminate\\Http\\Request), Object(Illuminate\\Session\\Store), Object(Closure))
#34 C:\\laragon\\www\\tamviet-ecommerce\\vendor\\laravel\\framework\\src\\Illuminate\\Pipeline\\Pipeline.php(167): Illuminate\\Session\\Middleware\\StartSession->handle(Object(Illuminate\\Http\\Request), Object(Closure))
#35 C:\\laragon\\www\\tamviet-ecommerce\\vendor\\laravel\\framework\\src\\Illuminate\\Cookie\\Middleware\\AddQueuedCookiesToResponse.php(37): Illuminate\\Pipeline\\Pipeline->Illuminate\\Pipeline\\{closure}(Object(Illuminate\\Http\\Request))
#36 C:\\laragon\\www\\tamviet-ecommerce\\vendor\\laravel\\framework\\src\\Illuminate\\Pipeline\\Pipeline.php(167): Illuminate\\Cookie\\Middleware\\AddQueuedCookiesToResponse->handle(Object(Illuminate\\Http\\Request), Object(Closure))
#37 C:\\laragon\\www\\tamviet-ecommerce\\vendor\\laravel\\framework\\src\\Illuminate\\Cookie\\Middleware\\EncryptCookies.php(67): Illuminate\\Pipeline\\Pipeline->Illuminate\\Pipeline\\{closure}(Object(Illuminate\\Http\\Request))
#38 C:\\laragon\\www\\tamviet-ecommerce\\vendor\\laravel\\framework\\src\\Illuminate\\Pipeline\\Pipeline.php(167): Illuminate\\Cookie\\Middleware\\EncryptCookies->handle(Object(Illuminate\\Http\\Request), Object(Closure))
#39 C:\\laragon\\www\\tamviet-ecommerce\\vendor\\laravel\\framework\\src\\Illuminate\\Pipeline\\Pipeline.php(103): Illuminate\\Pipeline\\Pipeline->Illuminate\\Pipeline\\{closure}(Object(Illuminate\\Http\\Request))
#40 C:\\laragon\\www\\tamviet-ecommerce\\vendor\\laravel\\framework\\src\\Illuminate\\Routing\\Router.php(687): Illuminate\\Pipeline\\Pipeline->then(Object(Closure))
#41 C:\\laragon\\www\\tamviet-ecommerce\\vendor\\laravel\\framework\\src\\Illuminate\\Routing\\Router.php(662): Illuminate\\Routing\\Router->runRouteWithinStack(Object(Illuminate\\Routing\\Route), Object(Illuminate\\Http\\Request))
#42 C:\\laragon\\www\\tamviet-ecommerce\\vendor\\laravel\\framework\\src\\Illuminate\\Routing\\Router.php(628): Illuminate\\Routing\\Router->runRoute(Object(Illuminate\\Http\\Request), Object(Illuminate\\Routing\\Route))
#43 C:\\laragon\\www\\tamviet-ecommerce\\vendor\\laravel\\framework\\src\\Illuminate\\Routing\\Router.php(617): Illuminate\\Routing\\Router->dispatchToRoute(Object(Illuminate\\Http\\Request))
#44 C:\\laragon\\www\\tamviet-ecommerce\\vendor\\laravel\\framework\\src\\Illuminate\\Foundation\\Http\\Kernel.php(165): Illuminate\\Routing\\Router->dispatch(Object(Illuminate\\Http\\Request))
#45 C:\\laragon\\www\\tamviet-ecommerce\\vendor\\laravel\\framework\\src\\Illuminate\\Pipeline\\Pipeline.php(128): Illuminate\\Foundation\\Http\\Kernel->Illuminate\\Foundation\\Http\\{closure}(Object(Illuminate\\Http\\Request))
#46 C:\\laragon\\www\\tamviet-ecommerce\\vendor\\laravel\\framework\\src\\Illuminate\\Foundation\\Http\\Middleware\\TransformsRequest.php(21): Illuminate\\Pipeline\\Pipeline->Illuminate\\Pipeline\\{closure}(Object(Illuminate\\Http\\Request))
#47 C:\\laragon\\www\\tamviet-ecommerce\\vendor\\laravel\\framework\\src\\Illuminate\\Pipeline\\Pipeline.php(167): Illuminate\\Foundation\\Http\\Middleware\\TransformsRequest->handle(Object(Illuminate\\Http\\Request), Object(Closure))
#48 C:\\laragon\\www\\tamviet-ecommerce\\vendor\\laravel\\framework\\src\\Illuminate\\Foundation\\Http\\Middleware\\TransformsRequest.php(21): Illuminate\\Pipeline\\Pipeline->Illuminate\\Pipeline\\{closure}(Object(Illuminate\\Http\\Request))
#49 C:\\laragon\\www\\tamviet-ecommerce\\vendor\\laravel\\framework\\src\\Illuminate\\Pipeline\\Pipeline.php(167): Illuminate\\Foundation\\Http\\Middleware\\TransformsRequest->handle(Object(Illuminate\\Http\\Request), Object(Closure))
#50 C:\\laragon\\www\\tamviet-ecommerce\\vendor\\laravel\\framework\\src\\Illuminate\\Foundation\\Http\\Middleware\\ValidatePostSize.php(27): Illuminate\\Pipeline\\Pipeline->Illuminate\\Pipeline\\{closure}(Object(Illuminate\\Http\\Request))
#51 C:\\laragon\\www\\tamviet-ecommerce\\vendor\\laravel\\framework\\src\\Illuminate\\Pipeline\\Pipeline.php(167): Illuminate\\Foundation\\Http\\Middleware\\ValidatePostSize->handle(Object(Illuminate\\Http\\Request), Object(Closure))
#52 C:\\laragon\\www\\tamviet-ecommerce\\vendor\\laravel\\framework\\src\\Illuminate\\Foundation\\Http\\Middleware\\CheckForMaintenanceMode.php(63): Illuminate\\Pipeline\\Pipeline->Illuminate\\Pipeline\\{closure}(Object(Illuminate\\Http\\Request))
#53 C:\\laragon\\www\\tamviet-ecommerce\\vendor\\laravel\\framework\\src\\Illuminate\\Pipeline\\Pipeline.php(167): Illuminate\\Foundation\\Http\\Middleware\\CheckForMaintenanceMode->handle(Object(Illuminate\\Http\\Request), Object(Closure))
#54 C:\\laragon\\www\\tamviet-ecommerce\\vendor\\fruitcake\\laravel-cors\\src\\HandleCors.php(38): Illuminate\\Pipeline\\Pipeline->Illuminate\\Pipeline\\{closure}(Object(Illuminate\\Http\\Request))
#55 C:\\laragon\\www\\tamviet-ecommerce\\vendor\\laravel\\framework\\src\\Illuminate\\Pipeline\\Pipeline.php(167): Fruitcake\\Cors\\HandleCors->handle(Object(Illuminate\\Http\\Request), Object(Closure))
#56 C:\\laragon\\www\\tamviet-ecommerce\\vendor\\fideloper\\proxy\\src\\TrustProxies.php(57): Illuminate\\Pipeline\\Pipeline->Illuminate\\Pipeline\\{closure}(Object(Illuminate\\Http\\Request))
#57 C:\\laragon\\www\\tamviet-ecommerce\\vendor\\laravel\\framework\\src\\Illuminate\\Pipeline\\Pipeline.php(167): Fideloper\\Proxy\\TrustProxies->handle(Object(Illuminate\\Http\\Request), Object(Closure))
#58 C:\\laragon\\www\\tamviet-ecommerce\\vendor\\laravel\\framework\\src\\Illuminate\\Pipeline\\Pipeline.php(103): Illuminate\\Pipeline\\Pipeline->Illuminate\\Pipeline\\{closure}(Object(Illuminate\\Http\\Request))
#59 C:\\laragon\\www\\tamviet-ecommerce\\vendor\\laravel\\framework\\src\\Illuminate\\Foundation\\Http\\Kernel.php(140): Illuminate\\Pipeline\\Pipeline->then(Object(Closure))
#60 C:\\laragon\\www\\tamviet-ecommerce\\vendor\\laravel\\framework\\src\\Illuminate\\Foundation\\Http\\Kernel.php(109): Illuminate\\Foundation\\Http\\Kernel->sendRequestThroughRouter(Object(Illuminate\\Http\\Request))
#61 C:\\laragon\\www\\tamviet-ecommerce\\public\\index.php(55): Illuminate\\Foundation\\Http\\Kernel->handle(Object(Illuminate\\Http\\Request))
#62 C:\\laragon\\www\\tamviet-ecommerce\\server.php(21): require_once('C:\\\\laragon\\\\www\\\\...')
#63 {main}

[previous exception] [object] (BadMethodCallException(code: 0): Call to undefined method App\\Models\\Widget::isNotEmpty() at C:\\laragon\\www\\tamviet-ecommerce\\vendor\\laravel\\framework\\src\\Illuminate\\Support\\Traits\\ForwardsCalls.php:50)
[stacktrace]
#0 C:\\laragon\\www\\tamviet-ecommerce\\vendor\\laravel\\framework\\src\\Illuminate\\Support\\Traits\\ForwardsCalls.php(36): Illuminate\\Database\\Eloquent\\Model::throwBadMethodCallException('isNotEmpty')
#1 C:\\laragon\\www\\tamviet-ecommerce\\vendor\\laravel\\framework\\src\\Illuminate\\Database\\Eloquent\\Model.php(1736): Illuminate\\Database\\Eloquent\\Model->forwardCallTo(Object(Illuminate\\Database\\Eloquent\\Builder), 'isNotEmpty', Array)
#2 C:\\laragon\\www\\tamviet-ecommerce\\storage\\framework\\views\\fadefbd680ba3b25c216a436593b6130e3419177.php(7): Illuminate\\Database\\Eloquent\\Model->__call('isNotEmpty', Array)
#3 C:\\laragon\\www\\tamviet-ecommerce\\vendor\\laravel\\framework\\src\\Illuminate\\View\\Engines\\PhpEngine.php(41): include('C:\\\\laragon\\\\www\\\\...')
#4 C:\\laragon\\www\\tamviet-ecommerce\\vendor\\laravel\\framework\\src\\Illuminate\\View\\Engines\\CompilerEngine.php(57): Illuminate\\View\\Engines\\PhpEngine->evaluatePath('C:\\\\laragon\\\\www\\\\...', Array)
#5 C:\\laragon\\www\\tamviet-ecommerce\\vendor\\facade\\ignition\\src\\Views\\Engines\\CompilerEngine.php(37): Illuminate\\View\\Engines\\CompilerEngine->get('C:\\\\laragon\\\\www\\\\...', Array)
#6 C:\\laragon\\www\\tamviet-ecommerce\\vendor\\laravel\\framework\\src\\Illuminate\\View\\View.php(139): Facade\\Ignition\\Views\\Engines\\CompilerEngine->get('C:\\\\laragon\\\\www\\\\...', Array)
#7 C:\\laragon\\www\\tamviet-ecommerce\\vendor\\laravel\\framework\\src\\Illuminate\\View\\View.php(122): Illuminate\\View\\View->getContents()
#8 C:\\laragon\\www\\tamviet-ecommerce\\vendor\\laravel\\framework\\src\\Illuminate\\View\\View.php(91): Illuminate\\View\\View->renderContents()
#9 C:\\laragon\\www\\tamviet-ecommerce\\storage\\framework\\views\\9c9499afb25ce4f2fe2132e44f7faff4ab671928.php(12): Illuminate\\View\\View->render()
#10 C:\\laragon\\www\\tamviet-ecommerce\\vendor\\laravel\\framework\\src\\Illuminate\\View\\Engines\\PhpEngine.php(41): include('C:\\\\laragon\\\\www\\\\...')
#11 C:\\laragon\\www\\tamviet-ecommerce\\vendor\\laravel\\framework\\src\\Illuminate\\View\\Engines\\CompilerEngine.php(57): Illuminate\\View\\Engines\\PhpEngine->evaluatePath('C:\\\\laragon\\\\www\\\\...', Array)
#12 C:\\laragon\\www\\tamviet-ecommerce\\vendor\\facade\\ignition\\src\\Views\\Engines\\CompilerEngine.php(37): Illuminate\\View\\Engines\\CompilerEngine->get('C:\\\\laragon\\\\www\\\\...', Array)
#13 C:\\laragon\\www\\tamviet-ecommerce\\vendor\\laravel\\framework\\src\\Illuminate\\View\\View.php(139): Facade\\Ignition\\Views\\Engines\\CompilerEngine->get('C:\\\\laragon\\\\www\\\\...', Array)
#14 C:\\laragon\\www\\tamviet-ecommerce\\vendor\\laravel\\framework\\src\\Illuminate\\View\\View.php(122): Illuminate\\View\\View->getContents()
#15 C:\\laragon\\www\\tamviet-ecommerce\\vendor\\laravel\\framework\\src\\Illuminate\\View\\View.php(91): Illuminate\\View\\View->renderContents()
#16 C:\\laragon\\www\\tamviet-ecommerce\\vendor\\laravel\\framework\\src\\Illuminate\\Http\\Response.php(62): Illuminate\\View\\View->render()
#17 C:\\laragon\\www\\tamviet-ecommerce\\vendor\\laravel\\framework\\src\\Illuminate\\Http\\Response.php(34): Illuminate\\Http\\Response->setContent(Object(Illuminate\\View\\View))
#18 C:\\laragon\\www\\tamviet-ecommerce\\vendor\\laravel\\framework\\src\\Illuminate\\Routing\\Router.php(759): Illuminate\\Http\\Response->__construct(Object(Illuminate\\View\\View), 200, Array)
#19 C:\\laragon\\www\\tamviet-ecommerce\\vendor\\laravel\\framework\\src\\Illuminate\\Routing\\Router.php(731): Illuminate\\Routing\\Router::toResponse(Object(Illuminate\\Http\\Request), Object(Illuminate\\View\\View))
#20 C:\\laragon\\www\\tamviet-ecommerce\\vendor\\laravel\\framework\\src\\Illuminate\\Routing\\Router.php(685): Illuminate\\Routing\\Router->prepareResponse(Object(Illuminate\\Http\\Request), Object(Illuminate\\View\\View))
#21 C:\\laragon\\www\\tamviet-ecommerce\\vendor\\laravel\\framework\\src\\Illuminate\\Pipeline\\Pipeline.php(128): Illuminate\\Routing\\Router->Illuminate\\Routing\\{closure}(Object(Illuminate\\Http\\Request))
#22 C:\\laragon\\www\\tamviet-ecommerce\\vendor\\php-flasher\\flasher-laravel\\Middleware\\FlasherMiddleware.php(34): Illuminate\\Pipeline\\Pipeline->Illuminate\\Pipeline\\{closure}(Object(Illuminate\\Http\\Request))
#23 C:\\laragon\\www\\tamviet-ecommerce\\vendor\\laravel\\framework\\src\\Illuminate\\Pipeline\\Pipeline.php(167): Flasher\\Laravel\\Middleware\\FlasherMiddleware->handle(Object(Illuminate\\Http\\Request), Object(Closure))
#24 C:\\laragon\\www\\tamviet-ecommerce\\vendor\\php-flasher\\flasher-laravel\\Middleware\\SessionMiddleware.php(34): Illuminate\\Pipeline\\Pipeline->Illuminate\\Pipeline\\{closure}(Object(Illuminate\\Http\\Request))
#25 C:\\laragon\\www\\tamviet-ecommerce\\vendor\\laravel\\framework\\src\\Illuminate\\Pipeline\\Pipeline.php(167): Flasher\\Laravel\\Middleware\\SessionMiddleware->handle(Object(Illuminate\\Http\\Request), Object(Closure))
#26 C:\\laragon\\www\\tamviet-ecommerce\\vendor\\laravel\\framework\\src\\Illuminate\\Routing\\Middleware\\SubstituteBindings.php(41): Illuminate\\Pipeline\\Pipeline->Illuminate\\Pipeline\\{closure}(Object(Illuminate\\Http\\Request))
#27 C:\\laragon\\www\\tamviet-ecommerce\\vendor\\laravel\\framework\\src\\Illuminate\\Pipeline\\Pipeline.php(167): Illuminate\\Routing\\Middleware\\SubstituteBindings->handle(Object(Illuminate\\Http\\Request), Object(Closure))
#28 C:\\laragon\\www\\tamviet-ecommerce\\vendor\\laravel\\framework\\src\\Illuminate\\Foundation\\Http\\Middleware\\VerifyCsrfToken.php(78): Illuminate\\Pipeline\\Pipeline->Illuminate\\Pipeline\\{closure}(Object(Illuminate\\Http\\Request))
#29 C:\\laragon\\www\\tamviet-ecommerce\\vendor\\laravel\\framework\\src\\Illuminate\\Pipeline\\Pipeline.php(167): Illuminate\\Foundation\\Http\\Middleware\\VerifyCsrfToken->handle(Object(Illuminate\\Http\\Request), Object(Closure))
#30 C:\\laragon\\www\\tamviet-ecommerce\\vendor\\laravel\\framework\\src\\Illuminate\\View\\Middleware\\ShareErrorsFromSession.php(49): Illuminate\\Pipeline\\Pipeline->Illuminate\\Pipeline\\{closure}(Object(Illuminate\\Http\\Request))
#31 C:\\laragon\\www\\tamviet-ecommerce\\vendor\\laravel\\framework\\src\\Illuminate\\Pipeline\\Pipeline.php(167): Illuminate\\View\\Middleware\\ShareErrorsFromSession->handle(Object(Illuminate\\Http\\Request), Object(Closure))
#32 C:\\laragon\\www\\tamviet-ecommerce\\vendor\\laravel\\framework\\src\\Illuminate\\Session\\Middleware\\StartSession.php(116): Illuminate\\Pipeline\\Pipeline->Illuminate\\Pipeline\\{closure}(Object(Illuminate\\Http\\Request))
#33 C:\\laragon\\www\\tamviet-ecommerce\\vendor\\laravel\\framework\\src\\Illuminate\\Session\\Middleware\\StartSession.php(62): Illuminate\\Session\\Middleware\\StartSession->handleStatefulRequest(Object(Illuminate\\Http\\Request), Object(Illuminate\\Session\\Store), Object(Closure))
#34 C:\\laragon\\www\\tamviet-ecommerce\\vendor\\laravel\\framework\\src\\Illuminate\\Pipeline\\Pipeline.php(167): Illuminate\\Session\\Middleware\\StartSession->handle(Object(Illuminate\\Http\\Request), Object(Closure))
#35 C:\\laragon\\www\\tamviet-ecommerce\\vendor\\laravel\\framework\\src\\Illuminate\\Cookie\\Middleware\\AddQueuedCookiesToResponse.php(37): Illuminate\\Pipeline\\Pipeline->Illuminate\\Pipeline\\{closure}(Object(Illuminate\\Http\\Request))
#36 C:\\laragon\\www\\tamviet-ecommerce\\vendor\\laravel\\framework\\src\\Illuminate\\Pipeline\\Pipeline.php(167): Illuminate\\Cookie\\Middleware\\AddQueuedCookiesToResponse->handle(Object(Illuminate\\Http\\Request), Object(Closure))
#37 C:\\laragon\\www\\tamviet-ecommerce\\vendor\\laravel\\framework\\src\\Illuminate\\Cookie\\Middleware\\EncryptCookies.php(67): Illuminate\\Pipeline\\Pipeline->Illuminate\\Pipeline\\{closure}(Object(Illuminate\\Http\\Request))
#38 C:\\laragon\\www\\tamviet-ecommerce\\vendor\\laravel\\framework\\src\\Illuminate\\Pipeline\\Pipeline.php(167): Illuminate\\Cookie\\Middleware\\EncryptCookies->handle(Object(Illuminate\\Http\\Request), Object(Closure))
#39 C:\\laragon\\www\\tamviet-ecommerce\\vendor\\laravel\\framework\\src\\Illuminate\\Pipeline\\Pipeline.php(103): Illuminate\\Pipeline\\Pipeline->Illuminate\\Pipeline\\{closure}(Object(Illuminate\\Http\\Request))
#40 C:\\laragon\\www\\tamviet-ecommerce\\vendor\\laravel\\framework\\src\\Illuminate\\Routing\\Router.php(687): Illuminate\\Pipeline\\Pipeline->then(Object(Closure))
#41 C:\\laragon\\www\\tamviet-ecommerce\\vendor\\laravel\\framework\\src\\Illuminate\\Routing\\Router.php(662): Illuminate\\Routing\\Router->runRouteWithinStack(Object(Illuminate\\Routing\\Route), Object(Illuminate\\Http\\Request))
#42 C:\\laragon\\www\\tamviet-ecommerce\\vendor\\laravel\\framework\\src\\Illuminate\\Routing\\Router.php(628): Illuminate\\Routing\\Router->runRoute(Object(Illuminate\\Http\\Request), Object(Illuminate\\Routing\\Route))
#43 C:\\laragon\\www\\tamviet-ecommerce\\vendor\\laravel\\framework\\src\\Illuminate\\Routing\\Router.php(617): Illuminate\\Routing\\Router->dispatchToRoute(Object(Illuminate\\Http\\Request))
#44 C:\\laragon\\www\\tamviet-ecommerce\\vendor\\laravel\\framework\\src\\Illuminate\\Foundation\\Http\\Kernel.php(165): Illuminate\\Routing\\Router->dispatch(Object(Illuminate\\Http\\Request))
#45 C:\\laragon\\www\\tamviet-ecommerce\\vendor\\laravel\\framework\\src\\Illuminate\\Pipeline\\Pipeline.php(128): Illuminate\\Foundation\\Http\\Kernel->Illuminate\\Foundation\\Http\\{closure}(Object(Illuminate\\Http\\Request))
#46 C:\\laragon\\www\\tamviet-ecommerce\\vendor\\laravel\\framework\\src\\Illuminate\\Foundation\\Http\\Middleware\\TransformsRequest.php(21): Illuminate\\Pipeline\\Pipeline->Illuminate\\Pipeline\\{closure}(Object(Illuminate\\Http\\Request))
#47 C:\\laragon\\www\\tamviet-ecommerce\\vendor\\laravel\\framework\\src\\Illuminate\\Pipeline\\Pipeline.php(167): Illuminate\\Foundation\\Http\\Middleware\\TransformsRequest->handle(Object(Illuminate\\Http\\Request), Object(Closure))
#48 C:\\laragon\\www\\tamviet-ecommerce\\vendor\\laravel\\framework\\src\\Illuminate\\Foundation\\Http\\Middleware\\TransformsRequest.php(21): Illuminate\\Pipeline\\Pipeline->Illuminate\\Pipeline\\{closure}(Object(Illuminate\\Http\\Request))
#49 C:\\laragon\\www\\tamviet-ecommerce\\vendor\\laravel\\framework\\src\\Illuminate\\Pipeline\\Pipeline.php(167): Illuminate\\Foundation\\Http\\Middleware\\TransformsRequest->handle(Object(Illuminate\\Http\\Request), Object(Closure))
#50 C:\\laragon\\www\\tamviet-ecommerce\\vendor\\laravel\\framework\\src\\Illuminate\\Foundation\\Http\\Middleware\\ValidatePostSize.php(27): Illuminate\\Pipeline\\Pipeline->Illuminate\\Pipeline\\{closure}(Object(Illuminate\\Http\\Request))
#51 C:\\laragon\\www\\tamviet-ecommerce\\vendor\\laravel\\framework\\src\\Illuminate\\Pipeline\\Pipeline.php(167): Illuminate\\Foundation\\Http\\Middleware\\ValidatePostSize->handle(Object(Illuminate\\Http\\Request), Object(Closure))
#52 C:\\laragon\\www\\tamviet-ecommerce\\vendor\\laravel\\framework\\src\\Illuminate\\Foundation\\Http\\Middleware\\CheckForMaintenanceMode.php(63): Illuminate\\Pipeline\\Pipeline->Illuminate\\Pipeline\\{closure}(Object(Illuminate\\Http\\Request))
#53 C:\\laragon\\www\\tamviet-ecommerce\\vendor\\laravel\\framework\\src\\Illuminate\\Pipeline\\Pipeline.php(167): Illuminate\\Foundation\\Http\\Middleware\\CheckForMaintenanceMode->handle(Object(Illuminate\\Http\\Request), Object(Closure))
#54 C:\\laragon\\www\\tamviet-ecommerce\\vendor\\fruitcake\\laravel-cors\\src\\HandleCors.php(38): Illuminate\\Pipeline\\Pipeline->Illuminate\\Pipeline\\{closure}(Object(Illuminate\\Http\\Request))
#55 C:\\laragon\\www\\tamviet-ecommerce\\vendor\\laravel\\framework\\src\\Illuminate\\Pipeline\\Pipeline.php(167): Fruitcake\\Cors\\HandleCors->handle(Object(Illuminate\\Http\\Request), Object(Closure))
#56 C:\\laragon\\www\\tamviet-ecommerce\\vendor\\fideloper\\proxy\\src\\TrustProxies.php(57): Illuminate\\Pipeline\\Pipeline->Illuminate\\Pipeline\\{closure}(Object(Illuminate\\Http\\Request))
#57 C:\\laragon\\www\\tamviet-ecommerce\\vendor\\laravel\\framework\\src\\Illuminate\\Pipeline\\Pipeline.php(167): Fideloper\\Proxy\\TrustProxies->handle(Object(Illuminate\\Http\\Request), Object(Closure))
#58 C:\\laragon\\www\\tamviet-ecommerce\\vendor\\laravel\\framework\\src\\Illuminate\\Pipeline\\Pipeline.php(103): Illuminate\\Pipeline\\Pipeline->Illuminate\\Pipeline\\{closure}(Object(Illuminate\\Http\\Request))
#59 C:\\laragon\\www\\tamviet-ecommerce\\vendor\\laravel\\framework\\src\\Illuminate\\Foundation\\Http\\Kernel.php(140): Illuminate\\Pipeline\\Pipeline->then(Object(Closure))
#60 C:\\laragon\\www\\tamviet-ecommerce\\vendor\\laravel\\framework\\src\\Illuminate\\Foundation\\Http\\Kernel.php(109): Illuminate\\Foundation\\Http\\Kernel->sendRequestThroughRouter(Object(Illuminate\\Http\\Request))
#61 C:\\laragon\\www\\tamviet-ecommerce\\public\\index.php(55): Illuminate\\Foundation\\Http\\Kernel->handle(Object(Illuminate\\Http\\Request))
#62 C:\\laragon\\www\\tamviet-ecommerce\\server.php(21): require_once('C:\\\\laragon\\\\www\\\\...')
#63 {main}
"} 
[2025-12-16 11:53:31] local.ERROR: Property [youtube_id] does not exist on this collection instance. (View: C:\laragon\www\tamviet-ecommerce\resources\views\frontend\components\featured-video.blade.php) {"exception":"[object] (Facade\\Ignition\\Exceptions\\ViewException(code: 0): Property [youtube_id] does not exist on this collection instance. (View: C:\\laragon\\www\\tamviet-ecommerce\\resources\\views\\frontend\\components\\featured-video.blade.php) at C:\\laragon\\www\\tamviet-ecommerce\\vendor\\laravel\\framework\\src\\Illuminate\\Support\\Traits\\EnumeratesValues.php:837)
[stacktrace]
#0 C:\\laragon\\www\\tamviet-ecommerce\\resources\\views/frontend/components/featured-video.blade.php(20): Illuminate\\Support\\Collection->__get('youtube_id')
#1 C:\\laragon\\www\\tamviet-ecommerce\\vendor\\laravel\\framework\\src\\Illuminate\\View\\Engines\\PhpEngine.php(41): include('C:\\\\laragon\\\\www\\\\...')
#2 C:\\laragon\\www\\tamviet-ecommerce\\vendor\\laravel\\framework\\src\\Illuminate\\View\\Engines\\CompilerEngine.php(57): Illuminate\\View\\Engines\\PhpEngine->evaluatePath('C:\\\\laragon\\\\www\\\\...', Array)
#3 C:\\laragon\\www\\tamviet-ecommerce\\vendor\\facade\\ignition\\src\\Views\\Engines\\CompilerEngine.php(37): Illuminate\\View\\Engines\\CompilerEngine->get('C:\\\\laragon\\\\www\\\\...', Array)
#4 C:\\laragon\\www\\tamviet-ecommerce\\vendor\\laravel\\framework\\src\\Illuminate\\View\\View.php(139): Facade\\Ignition\\Views\\Engines\\CompilerEngine->get('C:\\\\laragon\\\\www\\\\...', Array)
#5 C:\\laragon\\www\\tamviet-ecommerce\\vendor\\laravel\\framework\\src\\Illuminate\\View\\View.php(122): Illuminate\\View\\View->getContents()
#6 C:\\laragon\\www\\tamviet-ecommerce\\vendor\\laravel\\framework\\src\\Illuminate\\View\\View.php(91): Illuminate\\View\\View->renderContents()
#7 C:\\laragon\\www\\tamviet-ecommerce\\resources\\views/frontend/home/index.blade.php(13): Illuminate\\View\\View->render()
#8 C:\\laragon\\www\\tamviet-ecommerce\\vendor\\laravel\\framework\\src\\Illuminate\\View\\Engines\\PhpEngine.php(41): include('C:\\\\laragon\\\\www\\\\...')
#9 C:\\laragon\\www\\tamviet-ecommerce\\vendor\\laravel\\framework\\src\\Illuminate\\View\\Engines\\CompilerEngine.php(57): Illuminate\\View\\Engines\\PhpEngine->evaluatePath('C:\\\\laragon\\\\www\\\\...', Array)
#10 C:\\laragon\\www\\tamviet-ecommerce\\vendor\\facade\\ignition\\src\\Views\\Engines\\CompilerEngine.php(37): Illuminate\\View\\Engines\\CompilerEngine->get('C:\\\\laragon\\\\www\\\\...', Array)
#11 C:\\laragon\\www\\tamviet-ecommerce\\vendor\\laravel\\framework\\src\\Illuminate\\View\\View.php(139): Facade\\Ignition\\Views\\Engines\\CompilerEngine->get('C:\\\\laragon\\\\www\\\\...', Array)
#12 C:\\laragon\\www\\tamviet-ecommerce\\vendor\\laravel\\framework\\src\\Illuminate\\View\\View.php(122): Illuminate\\View\\View->getContents()
#13 C:\\laragon\\www\\tamviet-ecommerce\\vendor\\laravel\\framework\\src\\Illuminate\\View\\View.php(91): Illuminate\\View\\View->renderContents()
#14 C:\\laragon\\www\\tamviet-ecommerce\\vendor\\laravel\\framework\\src\\Illuminate\\Http\\Response.php(62): Illuminate\\View\\View->render()
#15 C:\\laragon\\www\\tamviet-ecommerce\\vendor\\laravel\\framework\\src\\Illuminate\\Http\\Response.php(34): Illuminate\\Http\\Response->setContent(Object(Illuminate\\View\\View))
#16 C:\\laragon\\www\\tamviet-ecommerce\\vendor\\laravel\\framework\\src\\Illuminate\\Routing\\Router.php(759): Illuminate\\Http\\Response->__construct(Object(Illuminate\\View\\View), 200, Array)
#17 C:\\laragon\\www\\tamviet-ecommerce\\vendor\\laravel\\framework\\src\\Illuminate\\Routing\\Router.php(731): Illuminate\\Routing\\Router::toResponse(Object(Illuminate\\Http\\Request), Object(Illuminate\\View\\View))
#18 C:\\laragon\\www\\tamviet-ecommerce\\vendor\\laravel\\framework\\src\\Illuminate\\Routing\\Router.php(685): Illuminate\\Routing\\Router->prepareResponse(Object(Illuminate\\Http\\Request), Object(Illuminate\\View\\View))
#19 C:\\laragon\\www\\tamviet-ecommerce\\vendor\\laravel\\framework\\src\\Illuminate\\Pipeline\\Pipeline.php(128): Illuminate\\Routing\\Router->Illuminate\\Routing\\{closure}(Object(Illuminate\\Http\\Request))
#20 C:\\laragon\\www\\tamviet-ecommerce\\vendor\\php-flasher\\flasher-laravel\\Middleware\\FlasherMiddleware.php(34): Illuminate\\Pipeline\\Pipeline->Illuminate\\Pipeline\\{closure}(Object(Illuminate\\Http\\Request))
#21 C:\\laragon\\www\\tamviet-ecommerce\\vendor\\laravel\\framework\\src\\Illuminate\\Pipeline\\Pipeline.php(167): Flasher\\Laravel\\Middleware\\FlasherMiddleware->handle(Object(Illuminate\\Http\\Request), Object(Closure))
#22 C:\\laragon\\www\\tamviet-ecommerce\\vendor\\php-flasher\\flasher-laravel\\Middleware\\SessionMiddleware.php(34): Illuminate\\Pipeline\\Pipeline->Illuminate\\Pipeline\\{closure}(Object(Illuminate\\Http\\Request))
#23 C:\\laragon\\www\\tamviet-ecommerce\\vendor\\laravel\\framework\\src\\Illuminate\\Pipeline\\Pipeline.php(167): Flasher\\Laravel\\Middleware\\SessionMiddleware->handle(Object(Illuminate\\Http\\Request), Object(Closure))
#24 C:\\laragon\\www\\tamviet-ecommerce\\vendor\\laravel\\framework\\src\\Illuminate\\Routing\\Middleware\\SubstituteBindings.php(41): Illuminate\\Pipeline\\Pipeline->Illuminate\\Pipeline\\{closure}(Object(Illuminate\\Http\\Request))
#25 C:\\laragon\\www\\tamviet-ecommerce\\vendor\\laravel\\framework\\src\\Illuminate\\Pipeline\\Pipeline.php(167): Illuminate\\Routing\\Middleware\\SubstituteBindings->handle(Object(Illuminate\\Http\\Request), Object(Closure))
#26 C:\\laragon\\www\\tamviet-ecommerce\\vendor\\laravel\\framework\\src\\Illuminate\\Foundation\\Http\\Middleware\\VerifyCsrfToken.php(78): Illuminate\\Pipeline\\Pipeline->Illuminate\\Pipeline\\{closure}(Object(Illuminate\\Http\\Request))
#27 C:\\laragon\\www\\tamviet-ecommerce\\vendor\\laravel\\framework\\src\\Illuminate\\Pipeline\\Pipeline.php(167): Illuminate\\Foundation\\Http\\Middleware\\VerifyCsrfToken->handle(Object(Illuminate\\Http\\Request), Object(Closure))
#28 C:\\laragon\\www\\tamviet-ecommerce\\vendor\\laravel\\framework\\src\\Illuminate\\View\\Middleware\\ShareErrorsFromSession.php(49): Illuminate\\Pipeline\\Pipeline->Illuminate\\Pipeline\\{closure}(Object(Illuminate\\Http\\Request))
#29 C:\\laragon\\www\\tamviet-ecommerce\\vendor\\laravel\\framework\\src\\Illuminate\\Pipeline\\Pipeline.php(167): Illuminate\\View\\Middleware\\ShareErrorsFromSession->handle(Object(Illuminate\\Http\\Request), Object(Closure))
#30 C:\\laragon\\www\\tamviet-ecommerce\\vendor\\laravel\\framework\\src\\Illuminate\\Session\\Middleware\\StartSession.php(116): Illuminate\\Pipeline\\Pipeline->Illuminate\\Pipeline\\{closure}(Object(Illuminate\\Http\\Request))
#31 C:\\laragon\\www\\tamviet-ecommerce\\vendor\\laravel\\framework\\src\\Illuminate\\Session\\Middleware\\StartSession.php(62): Illuminate\\Session\\Middleware\\StartSession->handleStatefulRequest(Object(Illuminate\\Http\\Request), Object(Illuminate\\Session\\Store), Object(Closure))
#32 C:\\laragon\\www\\tamviet-ecommerce\\vendor\\laravel\\framework\\src\\Illuminate\\Pipeline\\Pipeline.php(167): Illuminate\\Session\\Middleware\\StartSession->handle(Object(Illuminate\\Http\\Request), Object(Closure))
#33 C:\\laragon\\www\\tamviet-ecommerce\\vendor\\laravel\\framework\\src\\Illuminate\\Cookie\\Middleware\\AddQueuedCookiesToResponse.php(37): Illuminate\\Pipeline\\Pipeline->Illuminate\\Pipeline\\{closure}(Object(Illuminate\\Http\\Request))
#34 C:\\laragon\\www\\tamviet-ecommerce\\vendor\\laravel\\framework\\src\\Illuminate\\Pipeline\\Pipeline.php(167): Illuminate\\Cookie\\Middleware\\AddQueuedCookiesToResponse->handle(Object(Illuminate\\Http\\Request), Object(Closure))
#35 C:\\laragon\\www\\tamviet-ecommerce\\vendor\\laravel\\framework\\src\\Illuminate\\Cookie\\Middleware\\EncryptCookies.php(67): Illuminate\\Pipeline\\Pipeline->Illuminate\\Pipeline\\{closure}(Object(Illuminate\\Http\\Request))
#36 C:\\laragon\\www\\tamviet-ecommerce\\vendor\\laravel\\framework\\src\\Illuminate\\Pipeline\\Pipeline.php(167): Illuminate\\Cookie\\Middleware\\EncryptCookies->handle(Object(Illuminate\\Http\\Request), Object(Closure))
#37 C:\\laragon\\www\\tamviet-ecommerce\\vendor\\laravel\\framework\\src\\Illuminate\\Pipeline\\Pipeline.php(103): Illuminate\\Pipeline\\Pipeline->Illuminate\\Pipeline\\{closure}(Object(Illuminate\\Http\\Request))
#38 C:\\laragon\\www\\tamviet-ecommerce\\vendor\\laravel\\framework\\src\\Illuminate\\Routing\\Router.php(687): Illuminate\\Pipeline\\Pipeline->then(Object(Closure))
#39 C:\\laragon\\www\\tamviet-ecommerce\\vendor\\laravel\\framework\\src\\Illuminate\\Routing\\Router.php(662): Illuminate\\Routing\\Router->runRouteWithinStack(Object(Illuminate\\Routing\\Route), Object(Illuminate\\Http\\Request))
#40 C:\\laragon\\www\\tamviet-ecommerce\\vendor\\laravel\\framework\\src\\Illuminate\\Routing\\Router.php(628): Illuminate\\Routing\\Router->runRoute(Object(Illuminate\\Http\\Request), Object(Illuminate\\Routing\\Route))
#41 C:\\laragon\\www\\tamviet-ecommerce\\vendor\\laravel\\framework\\src\\Illuminate\\Routing\\Router.php(617): Illuminate\\Routing\\Router->dispatchToRoute(Object(Illuminate\\Http\\Request))
#42 C:\\laragon\\www\\tamviet-ecommerce\\vendor\\laravel\\framework\\src\\Illuminate\\Foundation\\Http\\Kernel.php(165): Illuminate\\Routing\\Router->dispatch(Object(Illuminate\\Http\\Request))
#43 C:\\laragon\\www\\tamviet-ecommerce\\vendor\\laravel\\framework\\src\\Illuminate\\Pipeline\\Pipeline.php(128): Illuminate\\Foundation\\Http\\Kernel->Illuminate\\Foundation\\Http\\{closure}(Object(Illuminate\\Http\\Request))
#44 C:\\laragon\\www\\tamviet-ecommerce\\vendor\\laravel\\framework\\src\\Illuminate\\Foundation\\Http\\Middleware\\TransformsRequest.php(21): Illuminate\\Pipeline\\Pipeline->Illuminate\\Pipeline\\{closure}(Object(Illuminate\\Http\\Request))
#45 C:\\laragon\\www\\tamviet-ecommerce\\vendor\\laravel\\framework\\src\\Illuminate\\Pipeline\\Pipeline.php(167): Illuminate\\Foundation\\Http\\Middleware\\TransformsRequest->handle(Object(Illuminate\\Http\\Request), Object(Closure))
#46 C:\\laragon\\www\\tamviet-ecommerce\\vendor\\laravel\\framework\\src\\Illuminate\\Foundation\\Http\\Middleware\\TransformsRequest.php(21): Illuminate\\Pipeline\\Pipeline->Illuminate\\Pipeline\\{closure}(Object(Illuminate\\Http\\Request))
#47 C:\\laragon\\www\\tamviet-ecommerce\\vendor\\laravel\\framework\\src\\Illuminate\\Pipeline\\Pipeline.php(167): Illuminate\\Foundation\\Http\\Middleware\\TransformsRequest->handle(Object(Illuminate\\Http\\Request), Object(Closure))
#48 C:\\laragon\\www\\tamviet-ecommerce\\vendor\\laravel\\framework\\src\\Illuminate\\Foundation\\Http\\Middleware\\ValidatePostSize.php(27): Illuminate\\Pipeline\\Pipeline->Illuminate\\Pipeline\\{closure}(Object(Illuminate\\Http\\Request))
#49 C:\\laragon\\www\\tamviet-ecommerce\\vendor\\laravel\\framework\\src\\Illuminate\\Pipeline\\Pipeline.php(167): Illuminate\\Foundation\\Http\\Middleware\\ValidatePostSize->handle(Object(Illuminate\\Http\\Request), Object(Closure))
#50 C:\\laragon\\www\\tamviet-ecommerce\\vendor\\laravel\\framework\\src\\Illuminate\\Foundation\\Http\\Middleware\\CheckForMaintenanceMode.php(63): Illuminate\\Pipeline\\Pipeline->Illuminate\\Pipeline\\{closure}(Object(Illuminate\\Http\\Request))
#51 C:\\laragon\\www\\tamviet-ecommerce\\vendor\\laravel\\framework\\src\\Illuminate\\Pipeline\\Pipeline.php(167): Illuminate\\Foundation\\Http\\Middleware\\CheckForMaintenanceMode->handle(Object(Illuminate\\Http\\Request), Object(Closure))
#52 C:\\laragon\\www\\tamviet-ecommerce\\vendor\\fruitcake\\laravel-cors\\src\\HandleCors.php(38): Illuminate\\Pipeline\\Pipeline->Illuminate\\Pipeline\\{closure}(Object(Illuminate\\Http\\Request))
#53 C:\\laragon\\www\\tamviet-ecommerce\\vendor\\laravel\\framework\\src\\Illuminate\\Pipeline\\Pipeline.php(167): Fruitcake\\Cors\\HandleCors->handle(Object(Illuminate\\Http\\Request), Object(Closure))
#54 C:\\laragon\\www\\tamviet-ecommerce\\vendor\\fideloper\\proxy\\src\\TrustProxies.php(57): Illuminate\\Pipeline\\Pipeline->Illuminate\\Pipeline\\{closure}(Object(Illuminate\\Http\\Request))
#55 C:\\laragon\\www\\tamviet-ecommerce\\vendor\\laravel\\framework\\src\\Illuminate\\Pipeline\\Pipeline.php(167): Fideloper\\Proxy\\TrustProxies->handle(Object(Illuminate\\Http\\Request), Object(Closure))
#56 C:\\laragon\\www\\tamviet-ecommerce\\vendor\\laravel\\framework\\src\\Illuminate\\Pipeline\\Pipeline.php(103): Illuminate\\Pipeline\\Pipeline->Illuminate\\Pipeline\\{closure}(Object(Illuminate\\Http\\Request))
#57 C:\\laragon\\www\\tamviet-ecommerce\\vendor\\laravel\\framework\\src\\Illuminate\\Foundation\\Http\\Kernel.php(140): Illuminate\\Pipeline\\Pipeline->then(Object(Closure))
#58 C:\\laragon\\www\\tamviet-ecommerce\\vendor\\laravel\\framework\\src\\Illuminate\\Foundation\\Http\\Kernel.php(109): Illuminate\\Foundation\\Http\\Kernel->sendRequestThroughRouter(Object(Illuminate\\Http\\Request))
#59 C:\\laragon\\www\\tamviet-ecommerce\\public\\index.php(55): Illuminate\\Foundation\\Http\\Kernel->handle(Object(Illuminate\\Http\\Request))
#60 C:\\laragon\\www\\tamviet-ecommerce\\server.php(21): require_once('C:\\\\laragon\\\\www\\\\...')
#61 {main}

[previous exception] [object] (Exception(code: 0): Property [youtube_id] does not exist on this collection instance. at C:\\laragon\\www\\tamviet-ecommerce\\vendor\\laravel\\framework\\src\\Illuminate\\Support\\Traits\\EnumeratesValues.php:837)
[stacktrace]
#0 C:\\laragon\\www\\tamviet-ecommerce\\storage\\framework\\views\\fadefbd680ba3b25c216a436593b6130e3419177.php(21): Illuminate\\Support\\Collection->__get('youtube_id')
#1 C:\\laragon\\www\\tamviet-ecommerce\\vendor\\laravel\\framework\\src\\Illuminate\\View\\Engines\\PhpEngine.php(41): include('C:\\\\laragon\\\\www\\\\...')
#2 C:\\laragon\\www\\tamviet-ecommerce\\vendor\\laravel\\framework\\src\\Illuminate\\View\\Engines\\CompilerEngine.php(57): Illuminate\\View\\Engines\\PhpEngine->evaluatePath('C:\\\\laragon\\\\www\\\\...', Array)
#3 C:\\laragon\\www\\tamviet-ecommerce\\vendor\\facade\\ignition\\src\\Views\\Engines\\CompilerEngine.php(37): Illuminate\\View\\Engines\\CompilerEngine->get('C:\\\\laragon\\\\www\\\\...', Array)
#4 C:\\laragon\\www\\tamviet-ecommerce\\vendor\\laravel\\framework\\src\\Illuminate\\View\\View.php(139): Facade\\Ignition\\Views\\Engines\\CompilerEngine->get('C:\\\\laragon\\\\www\\\\...', Array)
#5 C:\\laragon\\www\\tamviet-ecommerce\\vendor\\laravel\\framework\\src\\Illuminate\\View\\View.php(122): Illuminate\\View\\View->getContents()
#6 C:\\laragon\\www\\tamviet-ecommerce\\vendor\\laravel\\framework\\src\\Illuminate\\View\\View.php(91): Illuminate\\View\\View->renderContents()
#7 C:\\laragon\\www\\tamviet-ecommerce\\storage\\framework\\views\\9c9499afb25ce4f2fe2132e44f7faff4ab671928.php(12): Illuminate\\View\\View->render()
#8 C:\\laragon\\www\\tamviet-ecommerce\\vendor\\laravel\\framework\\src\\Illuminate\\View\\Engines\\PhpEngine.php(41): include('C:\\\\laragon\\\\www\\\\...')
#9 C:\\laragon\\www\\tamviet-ecommerce\\vendor\\laravel\\framework\\src\\Illuminate\\View\\Engines\\CompilerEngine.php(57): Illuminate\\View\\Engines\\PhpEngine->evaluatePath('C:\\\\laragon\\\\www\\\\...', Array)
#10 C:\\laragon\\www\\tamviet-ecommerce\\vendor\\facade\\ignition\\src\\Views\\Engines\\CompilerEngine.php(37): Illuminate\\View\\Engines\\CompilerEngine->get('C:\\\\laragon\\\\www\\\\...', Array)
#11 C:\\laragon\\www\\tamviet-ecommerce\\vendor\\laravel\\framework\\src\\Illuminate\\View\\View.php(139): Facade\\Ignition\\Views\\Engines\\CompilerEngine->get('C:\\\\laragon\\\\www\\\\...', Array)
#12 C:\\laragon\\www\\tamviet-ecommerce\\vendor\\laravel\\framework\\src\\Illuminate\\View\\View.php(122): Illuminate\\View\\View->getContents()
#13 C:\\laragon\\www\\tamviet-ecommerce\\vendor\\laravel\\framework\\src\\Illuminate\\View\\View.php(91): Illuminate\\View\\View->renderContents()
#14 C:\\laragon\\www\\tamviet-ecommerce\\vendor\\laravel\\framework\\src\\Illuminate\\Http\\Response.php(62): Illuminate\\View\\View->render()
#15 C:\\laragon\\www\\tamviet-ecommerce\\vendor\\laravel\\framework\\src\\Illuminate\\Http\\Response.php(34): Illuminate\\Http\\Response->setContent(Object(Illuminate\\View\\View))
#16 C:\\laragon\\www\\tamviet-ecommerce\\vendor\\laravel\\framework\\src\\Illuminate\\Routing\\Router.php(759): Illuminate\\Http\\Response->__construct(Object(Illuminate\\View\\View), 200, Array)
#17 C:\\laragon\\www\\tamviet-ecommerce\\vendor\\laravel\\framework\\src\\Illuminate\\Routing\\Router.php(731): Illuminate\\Routing\\Router::toResponse(Object(Illuminate\\Http\\Request), Object(Illuminate\\View\\View))
#18 C:\\laragon\\www\\tamviet-ecommerce\\vendor\\laravel\\framework\\src\\Illuminate\\Routing\\Router.php(685): Illuminate\\Routing\\Router->prepareResponse(Object(Illuminate\\Http\\Request), Object(Illuminate\\View\\View))
#19 C:\\laragon\\www\\tamviet-ecommerce\\vendor\\laravel\\framework\\src\\Illuminate\\Pipeline\\Pipeline.php(128): Illuminate\\Routing\\Router->Illuminate\\Routing\\{closure}(Object(Illuminate\\Http\\Request))
#20 C:\\laragon\\www\\tamviet-ecommerce\\vendor\\php-flasher\\flasher-laravel\\Middleware\\FlasherMiddleware.php(34): Illuminate\\Pipeline\\Pipeline->Illuminate\\Pipeline\\{closure}(Object(Illuminate\\Http\\Request))
#21 C:\\laragon\\www\\tamviet-ecommerce\\vendor\\laravel\\framework\\src\\Illuminate\\Pipeline\\Pipeline.php(167): Flasher\\Laravel\\Middleware\\FlasherMiddleware->handle(Object(Illuminate\\Http\\Request), Object(Closure))
#22 C:\\laragon\\www\\tamviet-ecommerce\\vendor\\php-flasher\\flasher-laravel\\Middleware\\SessionMiddleware.php(34): Illuminate\\Pipeline\\Pipeline->Illuminate\\Pipeline\\{closure}(Object(Illuminate\\Http\\Request))
#23 C:\\laragon\\www\\tamviet-ecommerce\\vendor\\laravel\\framework\\src\\Illuminate\\Pipeline\\Pipeline.php(167): Flasher\\Laravel\\Middleware\\SessionMiddleware->handle(Object(Illuminate\\Http\\Request), Object(Closure))
#24 C:\\laragon\\www\\tamviet-ecommerce\\vendor\\laravel\\framework\\src\\Illuminate\\Routing\\Middleware\\SubstituteBindings.php(41): Illuminate\\Pipeline\\Pipeline->Illuminate\\Pipeline\\{closure}(Object(Illuminate\\Http\\Request))
#25 C:\\laragon\\www\\tamviet-ecommerce\\vendor\\laravel\\framework\\src\\Illuminate\\Pipeline\\Pipeline.php(167): Illuminate\\Routing\\Middleware\\SubstituteBindings->handle(Object(Illuminate\\Http\\Request), Object(Closure))
#26 C:\\laragon\\www\\tamviet-ecommerce\\vendor\\laravel\\framework\\src\\Illuminate\\Foundation\\Http\\Middleware\\VerifyCsrfToken.php(78): Illuminate\\Pipeline\\Pipeline->Illuminate\\Pipeline\\{closure}(Object(Illuminate\\Http\\Request))
#27 C:\\laragon\\www\\tamviet-ecommerce\\vendor\\laravel\\framework\\src\\Illuminate\\Pipeline\\Pipeline.php(167): Illuminate\\Foundation\\Http\\Middleware\\VerifyCsrfToken->handle(Object(Illuminate\\Http\\Request), Object(Closure))
#28 C:\\laragon\\www\\tamviet-ecommerce\\vendor\\laravel\\framework\\src\\Illuminate\\View\\Middleware\\ShareErrorsFromSession.php(49): Illuminate\\Pipeline\\Pipeline->Illuminate\\Pipeline\\{closure}(Object(Illuminate\\Http\\Request))
#29 C:\\laragon\\www\\tamviet-ecommerce\\vendor\\laravel\\framework\\src\\Illuminate\\Pipeline\\Pipeline.php(167): Illuminate\\View\\Middleware\\ShareErrorsFromSession->handle(Object(Illuminate\\Http\\Request), Object(Closure))
#30 C:\\laragon\\www\\tamviet-ecommerce\\vendor\\laravel\\framework\\src\\Illuminate\\Session\\Middleware\\StartSession.php(116): Illuminate\\Pipeline\\Pipeline->Illuminate\\Pipeline\\{closure}(Object(Illuminate\\Http\\Request))
#31 C:\\laragon\\www\\tamviet-ecommerce\\vendor\\laravel\\framework\\src\\Illuminate\\Session\\Middleware\\StartSession.php(62): Illuminate\\Session\\Middleware\\StartSession->handleStatefulRequest(Object(Illuminate\\Http\\Request), Object(Illuminate\\Session\\Store), Object(Closure))
#32 C:\\laragon\\www\\tamviet-ecommerce\\vendor\\laravel\\framework\\src\\Illuminate\\Pipeline\\Pipeline.php(167): Illuminate\\Session\\Middleware\\StartSession->handle(Object(Illuminate\\Http\\Request), Object(Closure))
#33 C:\\laragon\\www\\tamviet-ecommerce\\vendor\\laravel\\framework\\src\\Illuminate\\Cookie\\Middleware\\AddQueuedCookiesToResponse.php(37): Illuminate\\Pipeline\\Pipeline->Illuminate\\Pipeline\\{closure}(Object(Illuminate\\Http\\Request))
#34 C:\\laragon\\www\\tamviet-ecommerce\\vendor\\laravel\\framework\\src\\Illuminate\\Pipeline\\Pipeline.php(167): Illuminate\\Cookie\\Middleware\\AddQueuedCookiesToResponse->handle(Object(Illuminate\\Http\\Request), Object(Closure))
#35 C:\\laragon\\www\\tamviet-ecommerce\\vendor\\laravel\\framework\\src\\Illuminate\\Cookie\\Middleware\\EncryptCookies.php(67): Illuminate\\Pipeline\\Pipeline->Illuminate\\Pipeline\\{closure}(Object(Illuminate\\Http\\Request))
#36 C:\\laragon\\www\\tamviet-ecommerce\\vendor\\laravel\\framework\\src\\Illuminate\\Pipeline\\Pipeline.php(167): Illuminate\\Cookie\\Middleware\\EncryptCookies->handle(Object(Illuminate\\Http\\Request), Object(Closure))
#37 C:\\laragon\\www\\tamviet-ecommerce\\vendor\\laravel\\framework\\src\\Illuminate\\Pipeline\\Pipeline.php(103): Illuminate\\Pipeline\\Pipeline->Illuminate\\Pipeline\\{closure}(Object(Illuminate\\Http\\Request))
#38 C:\\laragon\\www\\tamviet-ecommerce\\vendor\\laravel\\framework\\src\\Illuminate\\Routing\\Router.php(687): Illuminate\\Pipeline\\Pipeline->then(Object(Closure))
#39 C:\\laragon\\www\\tamviet-ecommerce\\vendor\\laravel\\framework\\src\\Illuminate\\Routing\\Router.php(662): Illuminate\\Routing\\Router->runRouteWithinStack(Object(Illuminate\\Routing\\Route), Object(Illuminate\\Http\\Request))
#40 C:\\laragon\\www\\tamviet-ecommerce\\vendor\\laravel\\framework\\src\\Illuminate\\Routing\\Router.php(628): Illuminate\\Routing\\Router->runRoute(Object(Illuminate\\Http\\Request), Object(Illuminate\\Routing\\Route))
#41 C:\\laragon\\www\\tamviet-ecommerce\\vendor\\laravel\\framework\\src\\Illuminate\\Routing\\Router.php(617): Illuminate\\Routing\\Router->dispatchToRoute(Object(Illuminate\\Http\\Request))
#42 C:\\laragon\\www\\tamviet-ecommerce\\vendor\\laravel\\framework\\src\\Illuminate\\Foundation\\Http\\Kernel.php(165): Illuminate\\Routing\\Router->dispatch(Object(Illuminate\\Http\\Request))
#43 C:\\laragon\\www\\tamviet-ecommerce\\vendor\\laravel\\framework\\src\\Illuminate\\Pipeline\\Pipeline.php(128): Illuminate\\Foundation\\Http\\Kernel->Illuminate\\Foundation\\Http\\{closure}(Object(Illuminate\\Http\\Request))
#44 C:\\laragon\\www\\tamviet-ecommerce\\vendor\\laravel\\framework\\src\\Illuminate\\Foundation\\Http\\Middleware\\TransformsRequest.php(21): Illuminate\\Pipeline\\Pipeline->Illuminate\\Pipeline\\{closure}(Object(Illuminate\\Http\\Request))
#45 C:\\laragon\\www\\tamviet-ecommerce\\vendor\\laravel\\framework\\src\\Illuminate\\Pipeline\\Pipeline.php(167): Illuminate\\Foundation\\Http\\Middleware\\TransformsRequest->handle(Object(Illuminate\\Http\\Request), Object(Closure))
#46 C:\\laragon\\www\\tamviet-ecommerce\\vendor\\laravel\\framework\\src\\Illuminate\\Foundation\\Http\\Middleware\\TransformsRequest.php(21): Illuminate\\Pipeline\\Pipeline->Illuminate\\Pipeline\\{closure}(Object(Illuminate\\Http\\Request))
#47 C:\\laragon\\www\\tamviet-ecommerce\\vendor\\laravel\\framework\\src\\Illuminate\\Pipeline\\Pipeline.php(167): Illuminate\\Foundation\\Http\\Middleware\\TransformsRequest->handle(Object(Illuminate\\Http\\Request), Object(Closure))
#48 C:\\laragon\\www\\tamviet-ecommerce\\vendor\\laravel\\framework\\src\\Illuminate\\Foundation\\Http\\Middleware\\ValidatePostSize.php(27): Illuminate\\Pipeline\\Pipeline->Illuminate\\Pipeline\\{closure}(Object(Illuminate\\Http\\Request))
#49 C:\\laragon\\www\\tamviet-ecommerce\\vendor\\laravel\\framework\\src\\Illuminate\\Pipeline\\Pipeline.php(167): Illuminate\\Foundation\\Http\\Middleware\\ValidatePostSize->handle(Object(Illuminate\\Http\\Request), Object(Closure))
#50 C:\\laragon\\www\\tamviet-ecommerce\\vendor\\laravel\\framework\\src\\Illuminate\\Foundation\\Http\\Middleware\\CheckForMaintenanceMode.php(63): Illuminate\\Pipeline\\Pipeline->Illuminate\\Pipeline\\{closure}(Object(Illuminate\\Http\\Request))
#51 C:\\laragon\\www\\tamviet-ecommerce\\vendor\\laravel\\framework\\src\\Illuminate\\Pipeline\\Pipeline.php(167): Illuminate\\Foundation\\Http\\Middleware\\CheckForMaintenanceMode->handle(Object(Illuminate\\Http\\Request), Object(Closure))
#52 C:\\laragon\\www\\tamviet-ecommerce\\vendor\\fruitcake\\laravel-cors\\src\\HandleCors.php(38): Illuminate\\Pipeline\\Pipeline->Illuminate\\Pipeline\\{closure}(Object(Illuminate\\Http\\Request))
#53 C:\\laragon\\www\\tamviet-ecommerce\\vendor\\laravel\\framework\\src\\Illuminate\\Pipeline\\Pipeline.php(167): Fruitcake\\Cors\\HandleCors->handle(Object(Illuminate\\Http\\Request), Object(Closure))
#54 C:\\laragon\\www\\tamviet-ecommerce\\vendor\\fideloper\\proxy\\src\\TrustProxies.php(57): Illuminate\\Pipeline\\Pipeline->Illuminate\\Pipeline\\{closure}(Object(Illuminate\\Http\\Request))
#55 C:\\laragon\\www\\tamviet-ecommerce\\vendor\\laravel\\framework\\src\\Illuminate\\Pipeline\\Pipeline.php(167): Fideloper\\Proxy\\TrustProxies->handle(Object(Illuminate\\Http\\Request), Object(Closure))
#56 C:\\laragon\\www\\tamviet-ecommerce\\vendor\\laravel\\framework\\src\\Illuminate\\Pipeline\\Pipeline.php(103): Illuminate\\Pipeline\\Pipeline->Illuminate\\Pipeline\\{closure}(Object(Illuminate\\Http\\Request))
#57 C:\\laragon\\www\\tamviet-ecommerce\\vendor\\laravel\\framework\\src\\Illuminate\\Foundation\\Http\\Kernel.php(140): Illuminate\\Pipeline\\Pipeline->then(Object(Closure))
#58 C:\\laragon\\www\\tamviet-ecommerce\\vendor\\laravel\\framework\\src\\Illuminate\\Foundation\\Http\\Kernel.php(109): Illuminate\\Foundation\\Http\\Kernel->sendRequestThroughRouter(Object(Illuminate\\Http\\Request))
#59 C:\\laragon\\www\\tamviet-ecommerce\\public\\index.php(55): Illuminate\\Foundation\\Http\\Kernel->handle(Object(Illuminate\\Http\\Request))
#60 C:\\laragon\\www\\tamviet-ecommerce\\server.php(21): require_once('C:\\\\laragon\\\\www\\\\...')
#61 {main}
"} 
[2025-12-31 15:10:07] local.ERROR: Route [admin.attribute.catalogues.index] not defined. (View: C:\laragon\www\tamviet-shop\tamviet-ecommerce\resources\views\backend\layouts\partials\sidebar.blade.php) {"userId":1,"exception":"[object] (Facade\\Ignition\\Exceptions\\ViewException(code: 0): Route [admin.attribute.catalogues.index] not defined. (View: C:\\laragon\\www\\tamviet-shop\\tamviet-ecommerce\\resources\\views\\backend\\layouts\\partials\\sidebar.blade.php) at C:\\laragon\\www\\tamviet-shop\\tamviet-ecommerce\\vendor\\laravel\\framework\\src\\Illuminate\\Routing\\UrlGenerator.php:420)
[stacktrace]
#0 C:\\laragon\\www\\tamviet-shop\\tamviet-ecommerce\\vendor\\laravel\\framework\\src\\Illuminate\\Foundation\\helpers.php(768): Illuminate\\Routing\\UrlGenerator->route('admin.attribute...', Array, true)
#1 C:\\laragon\\www\\tamviet-shop\\tamviet-ecommerce\\resources\\views/backend/layouts/partials/sidebar.blade.php(64): route('admin.attribute...')
#2 C:\\laragon\\www\\tamviet-shop\\tamviet-ecommerce\\vendor\\laravel\\framework\\src\\Illuminate\\View\\Engines\\PhpEngine.php(41): include('C:\\\\laragon\\\\www\\\\...')
#3 C:\\laragon\\www\\tamviet-shop\\tamviet-ecommerce\\vendor\\laravel\\framework\\src\\Illuminate\\View\\Engines\\CompilerEngine.php(57): Illuminate\\View\\Engines\\PhpEngine->evaluatePath('C:\\\\laragon\\\\www\\\\...', Array)
#4 C:\\laragon\\www\\tamviet-shop\\tamviet-ecommerce\\vendor\\facade\\ignition\\src\\Views\\Engines\\CompilerEngine.php(37): Illuminate\\View\\Engines\\CompilerEngine->get('C:\\\\laragon\\\\www\\\\...', Array)
#5 C:\\laragon\\www\\tamviet-shop\\tamviet-ecommerce\\vendor\\laravel\\framework\\src\\Illuminate\\View\\View.php(139): Facade\\Ignition\\Views\\Engines\\CompilerEngine->get('C:\\\\laragon\\\\www\\\\...', Array)
#6 C:\\laragon\\www\\tamviet-shop\\tamviet-ecommerce\\vendor\\laravel\\framework\\src\\Illuminate\\View\\View.php(122): Illuminate\\View\\View->getContents()
#7 C:\\laragon\\www\\tamviet-shop\\tamviet-ecommerce\\vendor\\laravel\\framework\\src\\Illuminate\\View\\View.php(91): Illuminate\\View\\View->renderContents()
#8 C:\\laragon\\www\\tamviet-shop\\tamviet-ecommerce\\resources\\views/backend/layout.blade.php(38): Illuminate\\View\\View->render()
#9 C:\\laragon\\www\\tamviet-shop\\tamviet-ecommerce\\vendor\\laravel\\framework\\src\\Illuminate\\View\\Engines\\PhpEngine.php(41): include('C:\\\\laragon\\\\www\\\\...')
#10 C:\\laragon\\www\\tamviet-shop\\tamviet-ecommerce\\vendor\\laravel\\framework\\src\\Illuminate\\View\\Engines\\CompilerEngine.php(57): Illuminate\\View\\Engines\\PhpEngine->evaluatePath('C:\\\\laragon\\\\www\\\\...', Array)
#11 C:\\laragon\\www\\tamviet-shop\\tamviet-ecommerce\\vendor\\facade\\ignition\\src\\Views\\Engines\\CompilerEngine.php(37): Illuminate\\View\\Engines\\CompilerEngine->get('C:\\\\laragon\\\\www\\\\...', Array)
#12 C:\\laragon\\www\\tamviet-shop\\tamviet-ecommerce\\vendor\\laravel\\framework\\src\\Illuminate\\View\\View.php(139): Facade\\Ignition\\Views\\Engines\\CompilerEngine->get('C:\\\\laragon\\\\www\\\\...', Array)
#13 C:\\laragon\\www\\tamviet-shop\\tamviet-ecommerce\\vendor\\laravel\\framework\\src\\Illuminate\\View\\View.php(122): Illuminate\\View\\View->getContents()
#14 C:\\laragon\\www\\tamviet-shop\\tamviet-ecommerce\\vendor\\laravel\\framework\\src\\Illuminate\\View\\View.php(91): Illuminate\\View\\View->renderContents()
#15 C:\\laragon\\www\\tamviet-shop\\tamviet-ecommerce\\resources\\views/backend/permissions/index.blade.php(156): Illuminate\\View\\View->render()
#16 C:\\laragon\\www\\tamviet-shop\\tamviet-ecommerce\\vendor\\laravel\\framework\\src\\Illuminate\\View\\Engines\\PhpEngine.php(41): include('C:\\\\laragon\\\\www\\\\...')
#17 C:\\laragon\\www\\tamviet-shop\\tamviet-ecommerce\\vendor\\laravel\\framework\\src\\Illuminate\\View\\Engines\\CompilerEngine.php(57): Illuminate\\View\\Engines\\PhpEngine->evaluatePath('C:\\\\laragon\\\\www\\\\...', Array)
#18 C:\\laragon\\www\\tamviet-shop\\tamviet-ecommerce\\vendor\\facade\\ignition\\src\\Views\\Engines\\CompilerEngine.php(37): Illuminate\\View\\Engines\\CompilerEngine->get('C:\\\\laragon\\\\www\\\\...', Array)
#19 C:\\laragon\\www\\tamviet-shop\\tamviet-ecommerce\\vendor\\laravel\\framework\\src\\Illuminate\\View\\View.php(139): Facade\\Ignition\\Views\\Engines\\CompilerEngine->get('C:\\\\laragon\\\\www\\\\...', Array)
#20 C:\\laragon\\www\\tamviet-shop\\tamviet-ecommerce\\vendor\\laravel\\framework\\src\\Illuminate\\View\\View.php(122): Illuminate\\View\\View->getContents()
#21 C:\\laragon\\www\\tamviet-shop\\tamviet-ecommerce\\vendor\\laravel\\framework\\src\\Illuminate\\View\\View.php(91): Illuminate\\View\\View->renderContents()
#22 C:\\laragon\\www\\tamviet-shop\\tamviet-ecommerce\\vendor\\laravel\\framework\\src\\Illuminate\\Http\\Response.php(62): Illuminate\\View\\View->render()
#23 C:\\laragon\\www\\tamviet-shop\\tamviet-ecommerce\\vendor\\laravel\\framework\\src\\Illuminate\\Http\\Response.php(34): Illuminate\\Http\\Response->setContent(Object(Illuminate\\View\\View))
#24 C:\\laragon\\www\\tamviet-shop\\tamviet-ecommerce\\vendor\\laravel\\framework\\src\\Illuminate\\Routing\\Router.php(759): Illuminate\\Http\\Response->__construct(Object(Illuminate\\View\\View), 200, Array)
#25 C:\\laragon\\www\\tamviet-shop\\tamviet-ecommerce\\vendor\\laravel\\framework\\src\\Illuminate\\Routing\\Router.php(731): Illuminate\\Routing\\Router::toResponse(Object(Illuminate\\Http\\Request), Object(Illuminate\\View\\View))
#26 C:\\laragon\\www\\tamviet-shop\\tamviet-ecommerce\\vendor\\laravel\\framework\\src\\Illuminate\\Routing\\Router.php(685): Illuminate\\Routing\\Router->prepareResponse(Object(Illuminate\\Http\\Request), Object(Illuminate\\View\\View))
#27 C:\\laragon\\www\\tamviet-shop\\tamviet-ecommerce\\vendor\\laravel\\framework\\src\\Illuminate\\Pipeline\\Pipeline.php(128): Illuminate\\Routing\\Router->Illuminate\\Routing\\{closure}(Object(Illuminate\\Http\\Request))
#28 C:\\laragon\\www\\tamviet-shop\\tamviet-ecommerce\\app\\Http\\Middleware\\CheckPermission.php(23): Illuminate\\Pipeline\\Pipeline->Illuminate\\Pipeline\\{closure}(Object(Illuminate\\Http\\Request))
#29 C:\\laragon\\www\\tamviet-shop\\tamviet-ecommerce\\vendor\\laravel\\framework\\src\\Illuminate\\Pipeline\\Pipeline.php(167): App\\Http\\Middleware\\CheckPermission->handle(Object(Illuminate\\Http\\Request), Object(Closure), 'view_permission')
#30 C:\\laragon\\www\\tamviet-shop\\tamviet-ecommerce\\vendor\\php-flasher\\flasher-laravel\\Middleware\\FlasherMiddleware.php(34): Illuminate\\Pipeline\\Pipeline->Illuminate\\Pipeline\\{closure}(Object(Illuminate\\Http\\Request))
#31 C:\\laragon\\www\\tamviet-shop\\tamviet-ecommerce\\vendor\\laravel\\framework\\src\\Illuminate\\Pipeline\\Pipeline.php(167): Flasher\\Laravel\\Middleware\\FlasherMiddleware->handle(Object(Illuminate\\Http\\Request), Object(Closure))
#32 C:\\laragon\\www\\tamviet-shop\\tamviet-ecommerce\\vendor\\php-flasher\\flasher-laravel\\Middleware\\SessionMiddleware.php(34): Illuminate\\Pipeline\\Pipeline->Illuminate\\Pipeline\\{closure}(Object(Illuminate\\Http\\Request))
#33 C:\\laragon\\www\\tamviet-shop\\tamviet-ecommerce\\vendor\\laravel\\framework\\src\\Illuminate\\Pipeline\\Pipeline.php(167): Flasher\\Laravel\\Middleware\\SessionMiddleware->handle(Object(Illuminate\\Http\\Request), Object(Closure))
#34 C:\\laragon\\www\\tamviet-shop\\tamviet-ecommerce\\vendor\\laravel\\framework\\src\\Illuminate\\Routing\\Middleware\\SubstituteBindings.php(41): Illuminate\\Pipeline\\Pipeline->Illuminate\\Pipeline\\{closure}(Object(Illuminate\\Http\\Request))
#35 C:\\laragon\\www\\tamviet-shop\\tamviet-ecommerce\\vendor\\laravel\\framework\\src\\Illuminate\\Pipeline\\Pipeline.php(167): Illuminate\\Routing\\Middleware\\SubstituteBindings->handle(Object(Illuminate\\Http\\Request), Object(Closure))
#36 C:\\laragon\\www\\tamviet-shop\\tamviet-ecommerce\\vendor\\laravel\\framework\\src\\Illuminate\\Auth\\Middleware\\Authenticate.php(44): Illuminate\\Pipeline\\Pipeline->Illuminate\\Pipeline\\{closure}(Object(Illuminate\\Http\\Request))
#37 C:\\laragon\\www\\tamviet-shop\\tamviet-ecommerce\\vendor\\laravel\\framework\\src\\Illuminate\\Pipeline\\Pipeline.php(167): Illuminate\\Auth\\Middleware\\Authenticate->handle(Object(Illuminate\\Http\\Request), Object(Closure), 'admin')
#38 C:\\laragon\\www\\tamviet-shop\\tamviet-ecommerce\\vendor\\laravel\\framework\\src\\Illuminate\\Foundation\\Http\\Middleware\\VerifyCsrfToken.php(78): Illuminate\\Pipeline\\Pipeline->Illuminate\\Pipeline\\{closure}(Object(Illuminate\\Http\\Request))
#39 C:\\laragon\\www\\tamviet-shop\\tamviet-ecommerce\\vendor\\laravel\\framework\\src\\Illuminate\\Pipeline\\Pipeline.php(167): Illuminate\\Foundation\\Http\\Middleware\\VerifyCsrfToken->handle(Object(Illuminate\\Http\\Request), Object(Closure))
#40 C:\\laragon\\www\\tamviet-shop\\tamviet-ecommerce\\vendor\\laravel\\framework\\src\\Illuminate\\View\\Middleware\\ShareErrorsFromSession.php(49): Illuminate\\Pipeline\\Pipeline->Illuminate\\Pipeline\\{closure}(Object(Illuminate\\Http\\Request))
#41 C:\\laragon\\www\\tamviet-shop\\tamviet-ecommerce\\vendor\\laravel\\framework\\src\\Illuminate\\Pipeline\\Pipeline.php(167): Illuminate\\View\\Middleware\\ShareErrorsFromSession->handle(Object(Illuminate\\Http\\Request), Object(Closure))
#42 C:\\laragon\\www\\tamviet-shop\\tamviet-ecommerce\\vendor\\laravel\\framework\\src\\Illuminate\\Session\\Middleware\\StartSession.php(116): Illuminate\\Pipeline\\Pipeline->Illuminate\\Pipeline\\{closure}(Object(Illuminate\\Http\\Request))
#43 C:\\laragon\\www\\tamviet-shop\\tamviet-ecommerce\\vendor\\laravel\\framework\\src\\Illuminate\\Session\\Middleware\\StartSession.php(62): Illuminate\\Session\\Middleware\\StartSession->handleStatefulRequest(Object(Illuminate\\Http\\Request), Object(Illuminate\\Session\\Store), Object(Closure))
#44 C:\\laragon\\www\\tamviet-shop\\tamviet-ecommerce\\vendor\\laravel\\framework\\src\\Illuminate\\Pipeline\\Pipeline.php(167): Illuminate\\Session\\Middleware\\StartSession->handle(Object(Illuminate\\Http\\Request), Object(Closure))
#45 C:\\laragon\\www\\tamviet-shop\\tamviet-ecommerce\\vendor\\laravel\\framework\\src\\Illuminate\\Cookie\\Middleware\\AddQueuedCookiesToResponse.php(37): Illuminate\\Pipeline\\Pipeline->Illuminate\\Pipeline\\{closure}(Object(Illuminate\\Http\\Request))
#46 C:\\laragon\\www\\tamviet-shop\\tamviet-ecommerce\\vendor\\laravel\\framework\\src\\Illuminate\\Pipeline\\Pipeline.php(167): Illuminate\\Cookie\\Middleware\\AddQueuedCookiesToResponse->handle(Object(Illuminate\\Http\\Request), Object(Closure))
#47 C:\\laragon\\www\\tamviet-shop\\tamviet-ecommerce\\vendor\\laravel\\framework\\src\\Illuminate\\Cookie\\Middleware\\EncryptCookies.php(67): Illuminate\\Pipeline\\Pipeline->Illuminate\\Pipeline\\{closure}(Object(Illuminate\\Http\\Request))
#48 C:\\laragon\\www\\tamviet-shop\\tamviet-ecommerce\\vendor\\laravel\\framework\\src\\Illuminate\\Pipeline\\Pipeline.php(167): Illuminate\\Cookie\\Middleware\\EncryptCookies->handle(Object(Illuminate\\Http\\Request), Object(Closure))
#49 C:\\laragon\\www\\tamviet-shop\\tamviet-ecommerce\\vendor\\laravel\\framework\\src\\Illuminate\\Pipeline\\Pipeline.php(103): Illuminate\\Pipeline\\Pipeline->Illuminate\\Pipeline\\{closure}(Object(Illuminate\\Http\\Request))
#50 C:\\laragon\\www\\tamviet-shop\\tamviet-ecommerce\\vendor\\laravel\\framework\\src\\Illuminate\\Routing\\Router.php(687): Illuminate\\Pipeline\\Pipeline->then(Object(Closure))
#51 C:\\laragon\\www\\tamviet-shop\\tamviet-ecommerce\\vendor\\laravel\\framework\\src\\Illuminate\\Routing\\Router.php(662): Illuminate\\Routing\\Router->runRouteWithinStack(Object(Illuminate\\Routing\\Route), Object(Illuminate\\Http\\Request))
#52 C:\\laragon\\www\\tamviet-shop\\tamviet-ecommerce\\vendor\\laravel\\framework\\src\\Illuminate\\Routing\\Router.php(628): Illuminate\\Routing\\Router->runRoute(Object(Illuminate\\Http\\Request), Object(Illuminate\\Routing\\Route))
#53 C:\\laragon\\www\\tamviet-shop\\tamviet-ecommerce\\vendor\\laravel\\framework\\src\\Illuminate\\Routing\\Router.php(617): Illuminate\\Routing\\Router->dispatchToRoute(Object(Illuminate\\Http\\Request))
#54 C:\\laragon\\www\\tamviet-shop\\tamviet-ecommerce\\vendor\\laravel\\framework\\src\\Illuminate\\Foundation\\Http\\Kernel.php(165): Illuminate\\Routing\\Router->dispatch(Object(Illuminate\\Http\\Request))
#55 C:\\laragon\\www\\tamviet-shop\\tamviet-ecommerce\\vendor\\laravel\\framework\\src\\Illuminate\\Pipeline\\Pipeline.php(128): Illuminate\\Foundation\\Http\\Kernel->Illuminate\\Foundation\\Http\\{closure}(Object(Illuminate\\Http\\Request))
#56 C:\\laragon\\www\\tamviet-shop\\tamviet-ecommerce\\vendor\\laravel\\framework\\src\\Illuminate\\Foundation\\Http\\Middleware\\TransformsRequest.php(21): Illuminate\\Pipeline\\Pipeline->Illuminate\\Pipeline\\{closure}(Object(Illuminate\\Http\\Request))
#57 C:\\laragon\\www\\tamviet-shop\\tamviet-ecommerce\\vendor\\laravel\\framework\\src\\Illuminate\\Pipeline\\Pipeline.php(167): Illuminate\\Foundation\\Http\\Middleware\\TransformsRequest->handle(Object(Illuminate\\Http\\Request), Object(Closure))
#58 C:\\laragon\\www\\tamviet-shop\\tamviet-ecommerce\\vendor\\laravel\\framework\\src\\Illuminate\\Foundation\\Http\\Middleware\\TransformsRequest.php(21): Illuminate\\Pipeline\\Pipeline->Illuminate\\Pipeline\\{closure}(Object(Illuminate\\Http\\Request))
#59 C:\\laragon\\www\\tamviet-shop\\tamviet-ecommerce\\vendor\\laravel\\framework\\src\\Illuminate\\Pipeline\\Pipeline.php(167): Illuminate\\Foundation\\Http\\Middleware\\TransformsRequest->handle(Object(Illuminate\\Http\\Request), Object(Closure))
#60 C:\\laragon\\www\\tamviet-shop\\tamviet-ecommerce\\vendor\\laravel\\framework\\src\\Illuminate\\Foundation\\Http\\Middleware\\ValidatePostSize.php(27): Illuminate\\Pipeline\\Pipeline->Illuminate\\Pipeline\\{closure}(Object(Illuminate\\Http\\Request))
#61 C:\\laragon\\www\\tamviet-shop\\tamviet-ecommerce\\vendor\\laravel\\framework\\src\\Illuminate\\Pipeline\\Pipeline.php(167): Illuminate\\Foundation\\Http\\Middleware\\ValidatePostSize->handle(Object(Illuminate\\Http\\Request), Object(Closure))
#62 C:\\laragon\\www\\tamviet-shop\\tamviet-ecommerce\\vendor\\laravel\\framework\\src\\Illuminate\\Foundation\\Http\\Middleware\\CheckForMaintenanceMode.php(63): Illuminate\\Pipeline\\Pipeline->Illuminate\\Pipeline\\{closure}(Object(Illuminate\\Http\\Request))
#63 C:\\laragon\\www\\tamviet-shop\\tamviet-ecommerce\\vendor\\laravel\\framework\\src\\Illuminate\\Pipeline\\Pipeline.php(167): Illuminate\\Foundation\\Http\\Middleware\\CheckForMaintenanceMode->handle(Object(Illuminate\\Http\\Request), Object(Closure))
#64 C:\\laragon\\www\\tamviet-shop\\tamviet-ecommerce\\vendor\\fruitcake\\laravel-cors\\src\\HandleCors.php(38): Illuminate\\Pipeline\\Pipeline->Illuminate\\Pipeline\\{closure}(Object(Illuminate\\Http\\Request))
#65 C:\\laragon\\www\\tamviet-shop\\tamviet-ecommerce\\vendor\\laravel\\framework\\src\\Illuminate\\Pipeline\\Pipeline.php(167): Fruitcake\\Cors\\HandleCors->handle(Object(Illuminate\\Http\\Request), Object(Closure))
#66 C:\\laragon\\www\\tamviet-shop\\tamviet-ecommerce\\vendor\\fideloper\\proxy\\src\\TrustProxies.php(57): Illuminate\\Pipeline\\Pipeline->Illuminate\\Pipeline\\{closure}(Object(Illuminate\\Http\\Request))
#67 C:\\laragon\\www\\tamviet-shop\\tamviet-ecommerce\\vendor\\laravel\\framework\\src\\Illuminate\\Pipeline\\Pipeline.php(167): Fideloper\\Proxy\\TrustProxies->handle(Object(Illuminate\\Http\\Request), Object(Closure))
#68 C:\\laragon\\www\\tamviet-shop\\tamviet-ecommerce\\vendor\\laravel\\framework\\src\\Illuminate\\Pipeline\\Pipeline.php(103): Illuminate\\Pipeline\\Pipeline->Illuminate\\Pipeline\\{closure}(Object(Illuminate\\Http\\Request))
#69 C:\\laragon\\www\\tamviet-shop\\tamviet-ecommerce\\vendor\\laravel\\framework\\src\\Illuminate\\Foundation\\Http\\Kernel.php(140): Illuminate\\Pipeline\\Pipeline->then(Object(Closure))
#70 C:\\laragon\\www\\tamviet-shop\\tamviet-ecommerce\\vendor\\laravel\\framework\\src\\Illuminate\\Foundation\\Http\\Kernel.php(109): Illuminate\\Foundation\\Http\\Kernel->sendRequestThroughRouter(Object(Illuminate\\Http\\Request))
#71 C:\\laragon\\www\\tamviet-shop\\tamviet-ecommerce\\public\\index.php(55): Illuminate\\Foundation\\Http\\Kernel->handle(Object(Illuminate\\Http\\Request))
#72 C:\\laragon\\www\\tamviet-shop\\tamviet-ecommerce\\server.php(21): require_once('C:\\\\laragon\\\\www\\\\...')
#73 {main}

[previous exception] [object] (Symfony\\Component\\Routing\\Exception\\RouteNotFoundException(code: 0): Route [admin.attribute.catalogues.index] not defined. at C:\\laragon\\www\\tamviet-shop\\tamviet-ecommerce\\vendor\\laravel\\framework\\src\\Illuminate\\Routing\\UrlGenerator.php:420)
[stacktrace]
#0 C:\\laragon\\www\\tamviet-shop\\tamviet-ecommerce\\vendor\\laravel\\framework\\src\\Illuminate\\Foundation\\helpers.php(768): Illuminate\\Routing\\UrlGenerator->route('admin.attribute...', Array, true)
#1 C:\\laragon\\www\\tamviet-shop\\tamviet-ecommerce\\storage\\framework\\views\\a6ba034c5ea5d020328a541762984359ff062c1f.php(65): route('admin.attribute...')
#2 C:\\laragon\\www\\tamviet-shop\\tamviet-ecommerce\\vendor\\laravel\\framework\\src\\Illuminate\\View\\Engines\\PhpEngine.php(41): include('C:\\\\laragon\\\\www\\\\...')
#3 C:\\laragon\\www\\tamviet-shop\\tamviet-ecommerce\\vendor\\laravel\\framework\\src\\Illuminate\\View\\Engines\\CompilerEngine.php(57): Illuminate\\View\\Engines\\PhpEngine->evaluatePath('C:\\\\laragon\\\\www\\\\...', Array)
#4 C:\\laragon\\www\\tamviet-shop\\tamviet-ecommerce\\vendor\\facade\\ignition\\src\\Views\\Engines\\CompilerEngine.php(37): Illuminate\\View\\Engines\\CompilerEngine->get('C:\\\\laragon\\\\www\\\\...', Array)
#5 C:\\laragon\\www\\tamviet-shop\\tamviet-ecommerce\\vendor\\laravel\\framework\\src\\Illuminate\\View\\View.php(139): Facade\\Ignition\\Views\\Engines\\CompilerEngine->get('C:\\\\laragon\\\\www\\\\...', Array)
#6 C:\\laragon\\www\\tamviet-shop\\tamviet-ecommerce\\vendor\\laravel\\framework\\src\\Illuminate\\View\\View.php(122): Illuminate\\View\\View->getContents()
#7 C:\\laragon\\www\\tamviet-shop\\tamviet-ecommerce\\vendor\\laravel\\framework\\src\\Illuminate\\View\\View.php(91): Illuminate\\View\\View->renderContents()
#8 C:\\laragon\\www\\tamviet-shop\\tamviet-ecommerce\\storage\\framework\\views\\9a541bf160462988c15850ceb3f09135dd39b014.php(38): Illuminate\\View\\View->render()
#9 C:\\laragon\\www\\tamviet-shop\\tamviet-ecommerce\\vendor\\laravel\\framework\\src\\Illuminate\\View\\Engines\\PhpEngine.php(41): include('C:\\\\laragon\\\\www\\\\...')
#10 C:\\laragon\\www\\tamviet-shop\\tamviet-ecommerce\\vendor\\laravel\\framework\\src\\Illuminate\\View\\Engines\\CompilerEngine.php(57): Illuminate\\View\\Engines\\PhpEngine->evaluatePath('C:\\\\laragon\\\\www\\\\...', Array)
#11 C:\\laragon\\www\\tamviet-shop\\tamviet-ecommerce\\vendor\\facade\\ignition\\src\\Views\\Engines\\CompilerEngine.php(37): Illuminate\\View\\Engines\\CompilerEngine->get('C:\\\\laragon\\\\www\\\\...', Array)
#12 C:\\laragon\\www\\tamviet-shop\\tamviet-ecommerce\\vendor\\laravel\\framework\\src\\Illuminate\\View\\View.php(139): Facade\\Ignition\\Views\\Engines\\CompilerEngine->get('C:\\\\laragon\\\\www\\\\...', Array)
#13 C:\\laragon\\www\\tamviet-shop\\tamviet-ecommerce\\vendor\\laravel\\framework\\src\\Illuminate\\View\\View.php(122): Illuminate\\View\\View->getContents()
#14 C:\\laragon\\www\\tamviet-shop\\tamviet-ecommerce\\vendor\\laravel\\framework\\src\\Illuminate\\View\\View.php(91): Illuminate\\View\\View->renderContents()
#15 C:\\laragon\\www\\tamviet-shop\\tamviet-ecommerce\\storage\\framework\\views\\5fc39845e882af5c9194f17fdea79bf1c7595212.php(156): Illuminate\\View\\View->render()
#16 C:\\laragon\\www\\tamviet-shop\\tamviet-ecommerce\\vendor\\laravel\\framework\\src\\Illuminate\\View\\Engines\\PhpEngine.php(41): include('C:\\\\laragon\\\\www\\\\...')
#17 C:\\laragon\\www\\tamviet-shop\\tamviet-ecommerce\\vendor\\laravel\\framework\\src\\Illuminate\\View\\Engines\\CompilerEngine.php(57): Illuminate\\View\\Engines\\PhpEngine->evaluatePath('C:\\\\laragon\\\\www\\\\...', Array)
#18 C:\\laragon\\www\\tamviet-shop\\tamviet-ecommerce\\vendor\\facade\\ignition\\src\\Views\\Engines\\CompilerEngine.php(37): Illuminate\\View\\Engines\\CompilerEngine->get('C:\\\\laragon\\\\www\\\\...', Array)
#19 C:\\laragon\\www\\tamviet-shop\\tamviet-ecommerce\\vendor\\laravel\\framework\\src\\Illuminate\\View\\View.php(139): Facade\\Ignition\\Views\\Engines\\CompilerEngine->get('C:\\\\laragon\\\\www\\\\...', Array)
#20 C:\\laragon\\www\\tamviet-shop\\tamviet-ecommerce\\vendor\\laravel\\framework\\src\\Illuminate\\View\\View.php(122): Illuminate\\View\\View->getContents()
#21 C:\\laragon\\www\\tamviet-shop\\tamviet-ecommerce\\vendor\\laravel\\framework\\src\\Illuminate\\View\\View.php(91): Illuminate\\View\\View->renderContents()
#22 C:\\laragon\\www\\tamviet-shop\\tamviet-ecommerce\\vendor\\laravel\\framework\\src\\Illuminate\\Http\\Response.php(62): Illuminate\\View\\View->render()
#23 C:\\laragon\\www\\tamviet-shop\\tamviet-ecommerce\\vendor\\laravel\\framework\\src\\Illuminate\\Http\\Response.php(34): Illuminate\\Http\\Response->setContent(Object(Illuminate\\View\\View))
#24 C:\\laragon\\www\\tamviet-shop\\tamviet-ecommerce\\vendor\\laravel\\framework\\src\\Illuminate\\Routing\\Router.php(759): Illuminate\\Http\\Response->__construct(Object(Illuminate\\View\\View), 200, Array)
#25 C:\\laragon\\www\\tamviet-shop\\tamviet-ecommerce\\vendor\\laravel\\framework\\src\\Illuminate\\Routing\\Router.php(731): Illuminate\\Routing\\Router::toResponse(Object(Illuminate\\Http\\Request), Object(Illuminate\\View\\View))
#26 C:\\laragon\\www\\tamviet-shop\\tamviet-ecommerce\\vendor\\laravel\\framework\\src\\Illuminate\\Routing\\Router.php(685): Illuminate\\Routing\\Router->prepareResponse(Object(Illuminate\\Http\\Request), Object(Illuminate\\View\\View))
#27 C:\\laragon\\www\\tamviet-shop\\tamviet-ecommerce\\vendor\\laravel\\framework\\src\\Illuminate\\Pipeline\\Pipeline.php(128): Illuminate\\Routing\\Router->Illuminate\\Routing\\{closure}(Object(Illuminate\\Http\\Request))
#28 C:\\laragon\\www\\tamviet-shop\\tamviet-ecommerce\\app\\Http\\Middleware\\CheckPermission.php(23): Illuminate\\Pipeline\\Pipeline->Illuminate\\Pipeline\\{closure}(Object(Illuminate\\Http\\Request))
#29 C:\\laragon\\www\\tamviet-shop\\tamviet-ecommerce\\vendor\\laravel\\framework\\src\\Illuminate\\Pipeline\\Pipeline.php(167): App\\Http\\Middleware\\CheckPermission->handle(Object(Illuminate\\Http\\Request), Object(Closure), 'view_permission')
#30 C:\\laragon\\www\\tamviet-shop\\tamviet-ecommerce\\vendor\\php-flasher\\flasher-laravel\\Middleware\\FlasherMiddleware.php(34): Illuminate\\Pipeline\\Pipeline->Illuminate\\Pipeline\\{closure}(Object(Illuminate\\Http\\Request))
#31 C:\\laragon\\www\\tamviet-shop\\tamviet-ecommerce\\vendor\\laravel\\framework\\src\\Illuminate\\Pipeline\\Pipeline.php(167): Flasher\\Laravel\\Middleware\\FlasherMiddleware->handle(Object(Illuminate\\Http\\Request), Object(Closure))
#32 C:\\laragon\\www\\tamviet-shop\\tamviet-ecommerce\\vendor\\php-flasher\\flasher-laravel\\Middleware\\SessionMiddleware.php(34): Illuminate\\Pipeline\\Pipeline->Illuminate\\Pipeline\\{closure}(Object(Illuminate\\Http\\Request))
#33 C:\\laragon\\www\\tamviet-shop\\tamviet-ecommerce\\vendor\\laravel\\framework\\src\\Illuminate\\Pipeline\\Pipeline.php(167): Flasher\\Laravel\\Middleware\\SessionMiddleware->handle(Object(Illuminate\\Http\\Request), Object(Closure))
#34 C:\\laragon\\www\\tamviet-shop\\tamviet-ecommerce\\vendor\\laravel\\framework\\src\\Illuminate\\Routing\\Middleware\\SubstituteBindings.php(41): Illuminate\\Pipeline\\Pipeline->Illuminate\\Pipeline\\{closure}(Object(Illuminate\\Http\\Request))
#35 C:\\laragon\\www\\tamviet-shop\\tamviet-ecommerce\\vendor\\laravel\\framework\\src\\Illuminate\\Pipeline\\Pipeline.php(167): Illuminate\\Routing\\Middleware\\SubstituteBindings->handle(Object(Illuminate\\Http\\Request), Object(Closure))
#36 C:\\laragon\\www\\tamviet-shop\\tamviet-ecommerce\\vendor\\laravel\\framework\\src\\Illuminate\\Auth\\Middleware\\Authenticate.php(44): Illuminate\\Pipeline\\Pipeline->Illuminate\\Pipeline\\{closure}(Object(Illuminate\\Http\\Request))
#37 C:\\laragon\\www\\tamviet-shop\\tamviet-ecommerce\\vendor\\laravel\\framework\\src\\Illuminate\\Pipeline\\Pipeline.php(167): Illuminate\\Auth\\Middleware\\Authenticate->handle(Object(Illuminate\\Http\\Request), Object(Closure), 'admin')
#38 C:\\laragon\\www\\tamviet-shop\\tamviet-ecommerce\\vendor\\laravel\\framework\\src\\Illuminate\\Foundation\\Http\\Middleware\\VerifyCsrfToken.php(78): Illuminate\\Pipeline\\Pipeline->Illuminate\\Pipeline\\{closure}(Object(Illuminate\\Http\\Request))
#39 C:\\laragon\\www\\tamviet-shop\\tamviet-ecommerce\\vendor\\laravel\\framework\\src\\Illuminate\\Pipeline\\Pipeline.php(167): Illuminate\\Foundation\\Http\\Middleware\\VerifyCsrfToken->handle(Object(Illuminate\\Http\\Request), Object(Closure))
#40 C:\\laragon\\www\\tamviet-shop\\tamviet-ecommerce\\vendor\\laravel\\framework\\src\\Illuminate\\View\\Middleware\\ShareErrorsFromSession.php(49): Illuminate\\Pipeline\\Pipeline->Illuminate\\Pipeline\\{closure}(Object(Illuminate\\Http\\Request))
#41 C:\\laragon\\www\\tamviet-shop\\tamviet-ecommerce\\vendor\\laravel\\framework\\src\\Illuminate\\Pipeline\\Pipeline.php(167): Illuminate\\View\\Middleware\\ShareErrorsFromSession->handle(Object(Illuminate\\Http\\Request), Object(Closure))
#42 C:\\laragon\\www\\tamviet-shop\\tamviet-ecommerce\\vendor\\laravel\\framework\\src\\Illuminate\\Session\\Middleware\\StartSession.php(116): Illuminate\\Pipeline\\Pipeline->Illuminate\\Pipeline\\{closure}(Object(Illuminate\\Http\\Request))
#43 C:\\laragon\\www\\tamviet-shop\\tamviet-ecommerce\\vendor\\laravel\\framework\\src\\Illuminate\\Session\\Middleware\\StartSession.php(62): Illuminate\\Session\\Middleware\\StartSession->handleStatefulRequest(Object(Illuminate\\Http\\Request), Object(Illuminate\\Session\\Store), Object(Closure))
#44 C:\\laragon\\www\\tamviet-shop\\tamviet-ecommerce\\vendor\\laravel\\framework\\src\\Illuminate\\Pipeline\\Pipeline.php(167): Illuminate\\Session\\Middleware\\StartSession->handle(Object(Illuminate\\Http\\Request), Object(Closure))
#45 C:\\laragon\\www\\tamviet-shop\\tamviet-ecommerce\\vendor\\laravel\\framework\\src\\Illuminate\\Cookie\\Middleware\\AddQueuedCookiesToResponse.php(37): Illuminate\\Pipeline\\Pipeline->Illuminate\\Pipeline\\{closure}(Object(Illuminate\\Http\\Request))
#46 C:\\laragon\\www\\tamviet-shop\\tamviet-ecommerce\\vendor\\laravel\\framework\\src\\Illuminate\\Pipeline\\Pipeline.php(167): Illuminate\\Cookie\\Middleware\\AddQueuedCookiesToResponse->handle(Object(Illuminate\\Http\\Request), Object(Closure))
#47 C:\\laragon\\www\\tamviet-shop\\tamviet-ecommerce\\vendor\\laravel\\framework\\src\\Illuminate\\Cookie\\Middleware\\EncryptCookies.php(67): Illuminate\\Pipeline\\Pipeline->Illuminate\\Pipeline\\{closure}(Object(Illuminate\\Http\\Request))
#48 C:\\laragon\\www\\tamviet-shop\\tamviet-ecommerce\\vendor\\laravel\\framework\\src\\Illuminate\\Pipeline\\Pipeline.php(167): Illuminate\\Cookie\\Middleware\\EncryptCookies->handle(Object(Illuminate\\Http\\Request), Object(Closure))
#49 C:\\laragon\\www\\tamviet-shop\\tamviet-ecommerce\\vendor\\laravel\\framework\\src\\Illuminate\\Pipeline\\Pipeline.php(103): Illuminate\\Pipeline\\Pipeline->Illuminate\\Pipeline\\{closure}(Object(Illuminate\\Http\\Request))
#50 C:\\laragon\\www\\tamviet-shop\\tamviet-ecommerce\\vendor\\laravel\\framework\\src\\Illuminate\\Routing\\Router.php(687): Illuminate\\Pipeline\\Pipeline->then(Object(Closure))
#51 C:\\laragon\\www\\tamviet-shop\\tamviet-ecommerce\\vendor\\laravel\\framework\\src\\Illuminate\\Routing\\Router.php(662): Illuminate\\Routing\\Router->runRouteWithinStack(Object(Illuminate\\Routing\\Route), Object(Illuminate\\Http\\Request))
#52 C:\\laragon\\www\\tamviet-shop\\tamviet-ecommerce\\vendor\\laravel\\framework\\src\\Illuminate\\Routing\\Router.php(628): Illuminate\\Routing\\Router->runRoute(Object(Illuminate\\Http\\Request), Object(Illuminate\\Routing\\Route))
#53 C:\\laragon\\www\\tamviet-shop\\tamviet-ecommerce\\vendor\\laravel\\framework\\src\\Illuminate\\Routing\\Router.php(617): Illuminate\\Routing\\Router->dispatchToRoute(Object(Illuminate\\Http\\Request))
#54 C:\\laragon\\www\\tamviet-shop\\tamviet-ecommerce\\vendor\\laravel\\framework\\src\\Illuminate\\Foundation\\Http\\Kernel.php(165): Illuminate\\Routing\\Router->dispatch(Object(Illuminate\\Http\\Request))
#55 C:\\laragon\\www\\tamviet-shop\\tamviet-ecommerce\\vendor\\laravel\\framework\\src\\Illuminate\\Pipeline\\Pipeline.php(128): Illuminate\\Foundation\\Http\\Kernel->Illuminate\\Foundation\\Http\\{closure}(Object(Illuminate\\Http\\Request))
#56 C:\\laragon\\www\\tamviet-shop\\tamviet-ecommerce\\vendor\\laravel\\framework\\src\\Illuminate\\Foundation\\Http\\Middleware\\TransformsRequest.php(21): Illuminate\\Pipeline\\Pipeline->Illuminate\\Pipeline\\{closure}(Object(Illuminate\\Http\\Request))
#57 C:\\laragon\\www\\tamviet-shop\\tamviet-ecommerce\\vendor\\laravel\\framework\\src\\Illuminate\\Pipeline\\Pipeline.php(167): Illuminate\\Foundation\\Http\\Middleware\\TransformsRequest->handle(Object(Illuminate\\Http\\Request), Object(Closure))
#58 C:\\laragon\\www\\tamviet-shop\\tamviet-ecommerce\\vendor\\laravel\\framework\\src\\Illuminate\\Foundation\\Http\\Middleware\\TransformsRequest.php(21): Illuminate\\Pipeline\\Pipeline->Illuminate\\Pipeline\\{closure}(Object(Illuminate\\Http\\Request))
#59 C:\\laragon\\www\\tamviet-shop\\tamviet-ecommerce\\vendor\\laravel\\framework\\src\\Illuminate\\Pipeline\\Pipeline.php(167): Illuminate\\Foundation\\Http\\Middleware\\TransformsRequest->handle(Object(Illuminate\\Http\\Request), Object(Closure))
#60 C:\\laragon\\www\\tamviet-shop\\tamviet-ecommerce\\vendor\\laravel\\framework\\src\\Illuminate\\Foundation\\Http\\Middleware\\ValidatePostSize.php(27): Illuminate\\Pipeline\\Pipeline->Illuminate\\Pipeline\\{closure}(Object(Illuminate\\Http\\Request))
#61 C:\\laragon\\www\\tamviet-shop\\tamviet-ecommerce\\vendor\\laravel\\framework\\src\\Illuminate\\Pipeline\\Pipeline.php(167): Illuminate\\Foundation\\Http\\Middleware\\ValidatePostSize->handle(Object(Illuminate\\Http\\Request), Object(Closure))
#62 C:\\laragon\\www\\tamviet-shop\\tamviet-ecommerce\\vendor\\laravel\\framework\\src\\Illuminate\\Foundation\\Http\\Middleware\\CheckForMaintenanceMode.php(63): Illuminate\\Pipeline\\Pipeline->Illuminate\\Pipeline\\{closure}(Object(Illuminate\\Http\\Request))
#63 C:\\laragon\\www\\tamviet-shop\\tamviet-ecommerce\\vendor\\laravel\\framework\\src\\Illuminate\\Pipeline\\Pipeline.php(167): Illuminate\\Foundation\\Http\\Middleware\\CheckForMaintenanceMode->handle(Object(Illuminate\\Http\\Request), Object(Closure))
#64 C:\\laragon\\www\\tamviet-shop\\tamviet-ecommerce\\vendor\\fruitcake\\laravel-cors\\src\\HandleCors.php(38): Illuminate\\Pipeline\\Pipeline->Illuminate\\Pipeline\\{closure}(Object(Illuminate\\Http\\Request))
#65 C:\\laragon\\www\\tamviet-shop\\tamviet-ecommerce\\vendor\\laravel\\framework\\src\\Illuminate\\Pipeline\\Pipeline.php(167): Fruitcake\\Cors\\HandleCors->handle(Object(Illuminate\\Http\\Request), Object(Closure))
#66 C:\\laragon\\www\\tamviet-shop\\tamviet-ecommerce\\vendor\\fideloper\\proxy\\src\\TrustProxies.php(57): Illuminate\\Pipeline\\Pipeline->Illuminate\\Pipeline\\{closure}(Object(Illuminate\\Http\\Request))
#67 C:\\laragon\\www\\tamviet-shop\\tamviet-ecommerce\\vendor\\laravel\\framework\\src\\Illuminate\\Pipeline\\Pipeline.php(167): Fideloper\\Proxy\\TrustProxies->handle(Object(Illuminate\\Http\\Request), Object(Closure))
#68 C:\\laragon\\www\\tamviet-shop\\tamviet-ecommerce\\vendor\\laravel\\framework\\src\\Illuminate\\Pipeline\\Pipeline.php(103): Illuminate\\Pipeline\\Pipeline->Illuminate\\Pipeline\\{closure}(Object(Illuminate\\Http\\Request))
#69 C:\\laragon\\www\\tamviet-shop\\tamviet-ecommerce\\vendor\\laravel\\framework\\src\\Illuminate\\Foundation\\Http\\Kernel.php(140): Illuminate\\Pipeline\\Pipeline->then(Object(Closure))
#70 C:\\laragon\\www\\tamviet-shop\\tamviet-ecommerce\\vendor\\laravel\\framework\\src\\Illuminate\\Foundation\\Http\\Kernel.php(109): Illuminate\\Foundation\\Http\\Kernel->sendRequestThroughRouter(Object(Illuminate\\Http\\Request))
#71 C:\\laragon\\www\\tamviet-shop\\tamviet-ecommerce\\public\\index.php(55): Illuminate\\Foundation\\Http\\Kernel->handle(Object(Illuminate\\Http\\Request))
#72 C:\\laragon\\www\\tamviet-shop\\tamviet-ecommerce\\server.php(21): require_once('C:\\\\laragon\\\\www\\\\...')
#73 {main}
"} 
[2025-12-31 15:11:25] local.ERROR: require(C:\laragon\www\tamviet-shop\tamviet-ecommerce\routes/api.php): failed to open stream: No such file or directory {"exception":"[object] (ErrorException(code: 0): require(C:\\laragon\\www\\tamviet-shop\\tamviet-ecommerce\\routes/api.php): failed to open stream: No such file or directory at C:\\laragon\\www\\tamviet-shop\\tamviet-ecommerce\\vendor\\laravel\\framework\\src\\Illuminate\\Routing\\RouteFileRegistrar.php:35)
[stacktrace]
#0 C:\\laragon\\www\\tamviet-shop\\tamviet-ecommerce\\vendor\\laravel\\framework\\src\\Illuminate\\Routing\\RouteFileRegistrar.php(35): Illuminate\\Foundation\\Bootstrap\\HandleExceptions->handleError(2, 'require(C:\\\\lara...', 'C:\\\\laragon\\\\www\\\\...', 35, Array)
#1 C:\\laragon\\www\\tamviet-shop\\tamviet-ecommerce\\vendor\\laravel\\framework\\src\\Illuminate\\Routing\\RouteFileRegistrar.php(35): require()
#2 C:\\laragon\\www\\tamviet-shop\\tamviet-ecommerce\\vendor\\laravel\\framework\\src\\Illuminate\\Routing\\Router.php(417): Illuminate\\Routing\\RouteFileRegistrar->register('C:\\\\laragon\\\\www\\\\...')
#3 C:\\laragon\\www\\tamviet-shop\\tamviet-ecommerce\\vendor\\laravel\\framework\\src\\Illuminate\\Routing\\Router.php(374): Illuminate\\Routing\\Router->loadRoutes('C:\\\\laragon\\\\www\\\\...')
#4 C:\\laragon\\www\\tamviet-shop\\tamviet-ecommerce\\vendor\\laravel\\framework\\src\\Illuminate\\Routing\\RouteRegistrar.php(135): Illuminate\\Routing\\Router->group(Array, 'C:\\\\laragon\\\\www\\\\...')
#5 C:\\laragon\\www\\tamviet-shop\\tamviet-ecommerce\\app\\Providers\\RouteServiceProvider.php(70): Illuminate\\Routing\\RouteRegistrar->group('C:\\\\laragon\\\\www\\\\...')
#6 C:\\laragon\\www\\tamviet-shop\\tamviet-ecommerce\\app\\Providers\\RouteServiceProvider.php(43): App\\Providers\\RouteServiceProvider->mapApiRoutes()
#7 C:\\laragon\\www\\tamviet-shop\\tamviet-ecommerce\\vendor\\laravel\\framework\\src\\Illuminate\\Container\\BoundMethod.php(36): App\\Providers\\RouteServiceProvider->map()
#8 C:\\laragon\\www\\tamviet-shop\\tamviet-ecommerce\\vendor\\laravel\\framework\\src\\Illuminate\\Container\\Util.php(37): Illuminate\\Container\\BoundMethod::Illuminate\\Container\\{closure}()
#9 C:\\laragon\\www\\tamviet-shop\\tamviet-ecommerce\\vendor\\laravel\\framework\\src\\Illuminate\\Container\\BoundMethod.php(93): Illuminate\\Container\\Util::unwrapIfClosure(Object(Closure))
#10 C:\\laragon\\www\\tamviet-shop\\tamviet-ecommerce\\vendor\\laravel\\framework\\src\\Illuminate\\Container\\BoundMethod.php(37): Illuminate\\Container\\BoundMethod::callBoundMethod(Object(Illuminate\\Foundation\\Application), Array, Object(Closure))
#11 C:\\laragon\\www\\tamviet-shop\\tamviet-ecommerce\\vendor\\laravel\\framework\\src\\Illuminate\\Container\\Container.php(596): Illuminate\\Container\\BoundMethod::call(Object(Illuminate\\Foundation\\Application), Array, Array, NULL)
#12 C:\\laragon\\www\\tamviet-shop\\tamviet-ecommerce\\vendor\\laravel\\framework\\src\\Illuminate\\Foundation\\Support\\Providers\\RouteServiceProvider.php(87): Illuminate\\Container\\Container->call(Array)
#13 C:\\laragon\\www\\tamviet-shop\\tamviet-ecommerce\\vendor\\laravel\\framework\\src\\Illuminate\\Foundation\\Support\\Providers\\RouteServiceProvider.php(36): Illuminate\\Foundation\\Support\\Providers\\RouteServiceProvider->loadRoutes()
#14 C:\\laragon\\www\\tamviet-shop\\tamviet-ecommerce\\app\\Providers\\RouteServiceProvider.php(33): Illuminate\\Foundation\\Support\\Providers\\RouteServiceProvider->boot()
#15 C:\\laragon\\www\\tamviet-shop\\tamviet-ecommerce\\vendor\\laravel\\framework\\src\\Illuminate\\Container\\BoundMethod.php(36): App\\Providers\\RouteServiceProvider->boot()
#16 C:\\laragon\\www\\tamviet-shop\\tamviet-ecommerce\\vendor\\laravel\\framework\\src\\Illuminate\\Container\\Util.php(37): Illuminate\\Container\\BoundMethod::Illuminate\\Container\\{closure}()
#17 C:\\laragon\\www\\tamviet-shop\\tamviet-ecommerce\\vendor\\laravel\\framework\\src\\Illuminate\\Container\\BoundMethod.php(93): Illuminate\\Container\\Util::unwrapIfClosure(Object(Closure))
#18 C:\\laragon\\www\\tamviet-shop\\tamviet-ecommerce\\vendor\\laravel\\framework\\src\\Illuminate\\Container\\BoundMethod.php(37): Illuminate\\Container\\BoundMethod::callBoundMethod(Object(Illuminate\\Foundation\\Application), Array, Object(Closure))
#19 C:\\laragon\\www\\tamviet-shop\\tamviet-ecommerce\\vendor\\laravel\\framework\\src\\Illuminate\\Container\\Container.php(596): Illuminate\\Container\\BoundMethod::call(Object(Illuminate\\Foundation\\Application), Array, Array, NULL)
#20 C:\\laragon\\www\\tamviet-shop\\tamviet-ecommerce\\vendor\\laravel\\framework\\src\\Illuminate\\Foundation\\Application.php(869): Illuminate\\Container\\Container->call(Array)
#21 C:\\laragon\\www\\tamviet-shop\\tamviet-ecommerce\\vendor\\laravel\\framework\\src\\Illuminate\\Foundation\\Application.php(852): Illuminate\\Foundation\\Application->bootProvider(Object(App\\Providers\\RouteServiceProvider))
#22 [internal function]: Illuminate\\Foundation\\Application->Illuminate\\Foundation\\{closure}(Object(App\\Providers\\RouteServiceProvider), 27)
#23 C:\\laragon\\www\\tamviet-shop\\tamviet-ecommerce\\vendor\\laravel\\framework\\src\\Illuminate\\Foundation\\Application.php(853): array_walk(Array, Object(Closure))
#24 C:\\laragon\\www\\tamviet-shop\\tamviet-ecommerce\\vendor\\laravel\\framework\\src\\Illuminate\\Foundation\\Bootstrap\\BootProviders.php(17): Illuminate\\Foundation\\Application->boot()
#25 C:\\laragon\\www\\tamviet-shop\\tamviet-ecommerce\\vendor\\laravel\\framework\\src\\Illuminate\\Foundation\\Application.php(230): Illuminate\\Foundation\\Bootstrap\\BootProviders->bootstrap(Object(Illuminate\\Foundation\\Application))
#26 C:\\laragon\\www\\tamviet-shop\\tamviet-ecommerce\\vendor\\laravel\\framework\\src\\Illuminate\\Foundation\\Console\\Kernel.php(310): Illuminate\\Foundation\\Application->bootstrapWith(Array)
#27 C:\\laragon\\www\\tamviet-shop\\tamviet-ecommerce\\vendor\\laravel\\framework\\src\\Illuminate\\Foundation\\Console\\Kernel.php(127): Illuminate\\Foundation\\Console\\Kernel->bootstrap()
#28 C:\\laragon\\www\\tamviet-shop\\tamviet-ecommerce\\artisan(37): Illuminate\\Foundation\\Console\\Kernel->handle(Object(Symfony\\Component\\Console\\Input\\ArgvInput), Object(Symfony\\Component\\Console\\Output\\ConsoleOutput))
#29 {main}
"} 
[2025-12-31 15:11:43] local.ERROR: require(C:\laragon\www\tamviet-shop\tamviet-ecommerce\routes/api.php): failed to open stream: No such file or directory {"exception":"[object] (ErrorException(code: 0): require(C:\\laragon\\www\\tamviet-shop\\tamviet-ecommerce\\routes/api.php): failed to open stream: No such file or directory at C:\\laragon\\www\\tamviet-shop\\tamviet-ecommerce\\vendor\\laravel\\framework\\src\\Illuminate\\Routing\\RouteFileRegistrar.php:35)
[stacktrace]
#0 C:\\laragon\\www\\tamviet-shop\\tamviet-ecommerce\\vendor\\laravel\\framework\\src\\Illuminate\\Routing\\RouteFileRegistrar.php(35): Illuminate\\Foundation\\Bootstrap\\HandleExceptions->handleError(2, 'require(C:\\\\lara...', 'C:\\\\laragon\\\\www\\\\...', 35, Array)
#1 C:\\laragon\\www\\tamviet-shop\\tamviet-ecommerce\\vendor\\laravel\\framework\\src\\Illuminate\\Routing\\RouteFileRegistrar.php(35): require()
#2 C:\\laragon\\www\\tamviet-shop\\tamviet-ecommerce\\vendor\\laravel\\framework\\src\\Illuminate\\Routing\\Router.php(417): Illuminate\\Routing\\RouteFileRegistrar->register('C:\\\\laragon\\\\www\\\\...')
#3 C:\\laragon\\www\\tamviet-shop\\tamviet-ecommerce\\vendor\\laravel\\framework\\src\\Illuminate\\Routing\\Router.php(374): Illuminate\\Routing\\Router->loadRoutes('C:\\\\laragon\\\\www\\\\...')
#4 C:\\laragon\\www\\tamviet-shop\\tamviet-ecommerce\\vendor\\laravel\\framework\\src\\Illuminate\\Routing\\RouteRegistrar.php(135): Illuminate\\Routing\\Router->group(Array, 'C:\\\\laragon\\\\www\\\\...')
#5 C:\\laragon\\www\\tamviet-shop\\tamviet-ecommerce\\app\\Providers\\RouteServiceProvider.php(70): Illuminate\\Routing\\RouteRegistrar->group('C:\\\\laragon\\\\www\\\\...')
#6 C:\\laragon\\www\\tamviet-shop\\tamviet-ecommerce\\app\\Providers\\RouteServiceProvider.php(43): App\\Providers\\RouteServiceProvider->mapApiRoutes()
#7 C:\\laragon\\www\\tamviet-shop\\tamviet-ecommerce\\vendor\\laravel\\framework\\src\\Illuminate\\Container\\BoundMethod.php(36): App\\Providers\\RouteServiceProvider->map()
#8 C:\\laragon\\www\\tamviet-shop\\tamviet-ecommerce\\vendor\\laravel\\framework\\src\\Illuminate\\Container\\Util.php(37): Illuminate\\Container\\BoundMethod::Illuminate\\Container\\{closure}()
#9 C:\\laragon\\www\\tamviet-shop\\tamviet-ecommerce\\vendor\\laravel\\framework\\src\\Illuminate\\Container\\BoundMethod.php(93): Illuminate\\Container\\Util::unwrapIfClosure(Object(Closure))
#10 C:\\laragon\\www\\tamviet-shop\\tamviet-ecommerce\\vendor\\laravel\\framework\\src\\Illuminate\\Container\\BoundMethod.php(37): Illuminate\\Container\\BoundMethod::callBoundMethod(Object(Illuminate\\Foundation\\Application), Array, Object(Closure))
#11 C:\\laragon\\www\\tamviet-shop\\tamviet-ecommerce\\vendor\\laravel\\framework\\src\\Illuminate\\Container\\Container.php(596): Illuminate\\Container\\BoundMethod::call(Object(Illuminate\\Foundation\\Application), Array, Array, NULL)
#12 C:\\laragon\\www\\tamviet-shop\\tamviet-ecommerce\\vendor\\laravel\\framework\\src\\Illuminate\\Foundation\\Support\\Providers\\RouteServiceProvider.php(87): Illuminate\\Container\\Container->call(Array)
#13 C:\\laragon\\www\\tamviet-shop\\tamviet-ecommerce\\vendor\\laravel\\framework\\src\\Illuminate\\Foundation\\Support\\Providers\\RouteServiceProvider.php(36): Illuminate\\Foundation\\Support\\Providers\\RouteServiceProvider->loadRoutes()
#14 C:\\laragon\\www\\tamviet-shop\\tamviet-ecommerce\\app\\Providers\\RouteServiceProvider.php(33): Illuminate\\Foundation\\Support\\Providers\\RouteServiceProvider->boot()
#15 C:\\laragon\\www\\tamviet-shop\\tamviet-ecommerce\\vendor\\laravel\\framework\\src\\Illuminate\\Container\\BoundMethod.php(36): App\\Providers\\RouteServiceProvider->boot()
#16 C:\\laragon\\www\\tamviet-shop\\tamviet-ecommerce\\vendor\\laravel\\framework\\src\\Illuminate\\Container\\Util.php(37): Illuminate\\Container\\BoundMethod::Illuminate\\Container\\{closure}()
#17 C:\\laragon\\www\\tamviet-shop\\tamviet-ecommerce\\vendor\\laravel\\framework\\src\\Illuminate\\Container\\BoundMethod.php(93): Illuminate\\Container\\Util::unwrapIfClosure(Object(Closure))
#18 C:\\laragon\\www\\tamviet-shop\\tamviet-ecommerce\\vendor\\laravel\\framework\\src\\Illuminate\\Container\\BoundMethod.php(37): Illuminate\\Container\\BoundMethod::callBoundMethod(Object(Illuminate\\Foundation\\Application), Array, Object(Closure))
#19 C:\\laragon\\www\\tamviet-shop\\tamviet-ecommerce\\vendor\\laravel\\framework\\src\\Illuminate\\Container\\Container.php(596): Illuminate\\Container\\BoundMethod::call(Object(Illuminate\\Foundation\\Application), Array, Array, NULL)
#20 C:\\laragon\\www\\tamviet-shop\\tamviet-ecommerce\\vendor\\laravel\\framework\\src\\Illuminate\\Foundation\\Application.php(869): Illuminate\\Container\\Container->call(Array)
#21 C:\\laragon\\www\\tamviet-shop\\tamviet-ecommerce\\vendor\\laravel\\framework\\src\\Illuminate\\Foundation\\Application.php(852): Illuminate\\Foundation\\Application->bootProvider(Object(App\\Providers\\RouteServiceProvider))
#22 [internal function]: Illuminate\\Foundation\\Application->Illuminate\\Foundation\\{closure}(Object(App\\Providers\\RouteServiceProvider), 27)
#23 C:\\laragon\\www\\tamviet-shop\\tamviet-ecommerce\\vendor\\laravel\\framework\\src\\Illuminate\\Foundation\\Application.php(853): array_walk(Array, Object(Closure))
#24 C:\\laragon\\www\\tamviet-shop\\tamviet-ecommerce\\vendor\\laravel\\framework\\src\\Illuminate\\Foundation\\Bootstrap\\BootProviders.php(17): Illuminate\\Foundation\\Application->boot()
#25 C:\\laragon\\www\\tamviet-shop\\tamviet-ecommerce\\vendor\\laravel\\framework\\src\\Illuminate\\Foundation\\Application.php(230): Illuminate\\Foundation\\Bootstrap\\BootProviders->bootstrap(Object(Illuminate\\Foundation\\Application))
#26 C:\\laragon\\www\\tamviet-shop\\tamviet-ecommerce\\vendor\\laravel\\framework\\src\\Illuminate\\Foundation\\Console\\Kernel.php(310): Illuminate\\Foundation\\Application->bootstrapWith(Array)
#27 C:\\laragon\\www\\tamviet-shop\\tamviet-ecommerce\\vendor\\laravel\\framework\\src\\Illuminate\\Foundation\\Console\\Kernel.php(127): Illuminate\\Foundation\\Console\\Kernel->bootstrap()
#28 C:\\laragon\\www\\tamviet-shop\\tamviet-ecommerce\\artisan(37): Illuminate\\Foundation\\Console\\Kernel->handle(Object(Symfony\\Component\\Console\\Input\\ArgvInput), Object(Symfony\\Component\\Console\\Output\\ConsoleOutput))
#29 {main}
"} 
[2025-12-31 15:12:43] local.ERROR: require(C:\laragon\www\tamviet-shop\tamviet-ecommerce\routes/api.php): failed to open stream: No such file or directory {"exception":"[object] (ErrorException(code: 0): require(C:\\laragon\\www\\tamviet-shop\\tamviet-ecommerce\\routes/api.php): failed to open stream: No such file or directory at C:\\laragon\\www\\tamviet-shop\\tamviet-ecommerce\\vendor\\laravel\\framework\\src\\Illuminate\\Routing\\RouteFileRegistrar.php:35)
[stacktrace]
#0 C:\\laragon\\www\\tamviet-shop\\tamviet-ecommerce\\vendor\\laravel\\framework\\src\\Illuminate\\Routing\\RouteFileRegistrar.php(35): Illuminate\\Foundation\\Bootstrap\\HandleExceptions->handleError(2, 'require(C:\\\\lara...', 'C:\\\\laragon\\\\www\\\\...', 35, Array)
#1 C:\\laragon\\www\\tamviet-shop\\tamviet-ecommerce\\vendor\\laravel\\framework\\src\\Illuminate\\Routing\\RouteFileRegistrar.php(35): require()
#2 C:\\laragon\\www\\tamviet-shop\\tamviet-ecommerce\\vendor\\laravel\\framework\\src\\Illuminate\\Routing\\Router.php(417): Illuminate\\Routing\\RouteFileRegistrar->register('C:\\\\laragon\\\\www\\\\...')
#3 C:\\laragon\\www\\tamviet-shop\\tamviet-ecommerce\\vendor\\laravel\\framework\\src\\Illuminate\\Routing\\Router.php(374): Illuminate\\Routing\\Router->loadRoutes('C:\\\\laragon\\\\www\\\\...')
#4 C:\\laragon\\www\\tamviet-shop\\tamviet-ecommerce\\vendor\\laravel\\framework\\src\\Illuminate\\Routing\\RouteRegistrar.php(135): Illuminate\\Routing\\Router->group(Array, 'C:\\\\laragon\\\\www\\\\...')
#5 C:\\laragon\\www\\tamviet-shop\\tamviet-ecommerce\\app\\Providers\\RouteServiceProvider.php(70): Illuminate\\Routing\\RouteRegistrar->group('C:\\\\laragon\\\\www\\\\...')
#6 C:\\laragon\\www\\tamviet-shop\\tamviet-ecommerce\\app\\Providers\\RouteServiceProvider.php(43): App\\Providers\\RouteServiceProvider->mapApiRoutes()
#7 C:\\laragon\\www\\tamviet-shop\\tamviet-ecommerce\\vendor\\laravel\\framework\\src\\Illuminate\\Container\\BoundMethod.php(36): App\\Providers\\RouteServiceProvider->map()
#8 C:\\laragon\\www\\tamviet-shop\\tamviet-ecommerce\\vendor\\laravel\\framework\\src\\Illuminate\\Container\\Util.php(37): Illuminate\\Container\\BoundMethod::Illuminate\\Container\\{closure}()
#9 C:\\laragon\\www\\tamviet-shop\\tamviet-ecommerce\\vendor\\laravel\\framework\\src\\Illuminate\\Container\\BoundMethod.php(93): Illuminate\\Container\\Util::unwrapIfClosure(Object(Closure))
#10 C:\\laragon\\www\\tamviet-shop\\tamviet-ecommerce\\vendor\\laravel\\framework\\src\\Illuminate\\Container\\BoundMethod.php(37): Illuminate\\Container\\BoundMethod::callBoundMethod(Object(Illuminate\\Foundation\\Application), Array, Object(Closure))
#11 C:\\laragon\\www\\tamviet-shop\\tamviet-ecommerce\\vendor\\laravel\\framework\\src\\Illuminate\\Container\\Container.php(596): Illuminate\\Container\\BoundMethod::call(Object(Illuminate\\Foundation\\Application), Array, Array, NULL)
#12 C:\\laragon\\www\\tamviet-shop\\tamviet-ecommerce\\vendor\\laravel\\framework\\src\\Illuminate\\Foundation\\Support\\Providers\\RouteServiceProvider.php(87): Illuminate\\Container\\Container->call(Array)
#13 C:\\laragon\\www\\tamviet-shop\\tamviet-ecommerce\\vendor\\laravel\\framework\\src\\Illuminate\\Foundation\\Support\\Providers\\RouteServiceProvider.php(36): Illuminate\\Foundation\\Support\\Providers\\RouteServiceProvider->loadRoutes()
#14 C:\\laragon\\www\\tamviet-shop\\tamviet-ecommerce\\app\\Providers\\RouteServiceProvider.php(33): Illuminate\\Foundation\\Support\\Providers\\RouteServiceProvider->boot()
#15 C:\\laragon\\www\\tamviet-shop\\tamviet-ecommerce\\vendor\\laravel\\framework\\src\\Illuminate\\Container\\BoundMethod.php(36): App\\Providers\\RouteServiceProvider->boot()
#16 C:\\laragon\\www\\tamviet-shop\\tamviet-ecommerce\\vendor\\laravel\\framework\\src\\Illuminate\\Container\\Util.php(37): Illuminate\\Container\\BoundMethod::Illuminate\\Container\\{closure}()
#17 C:\\laragon\\www\\tamviet-shop\\tamviet-ecommerce\\vendor\\laravel\\framework\\src\\Illuminate\\Container\\BoundMethod.php(93): Illuminate\\Container\\Util::unwrapIfClosure(Object(Closure))
#18 C:\\laragon\\www\\tamviet-shop\\tamviet-ecommerce\\vendor\\laravel\\framework\\src\\Illuminate\\Container\\BoundMethod.php(37): Illuminate\\Container\\BoundMethod::callBoundMethod(Object(Illuminate\\Foundation\\Application), Array, Object(Closure))
#19 C:\\laragon\\www\\tamviet-shop\\tamviet-ecommerce\\vendor\\laravel\\framework\\src\\Illuminate\\Container\\Container.php(596): Illuminate\\Container\\BoundMethod::call(Object(Illuminate\\Foundation\\Application), Array, Array, NULL)
#20 C:\\laragon\\www\\tamviet-shop\\tamviet-ecommerce\\vendor\\laravel\\framework\\src\\Illuminate\\Foundation\\Application.php(869): Illuminate\\Container\\Container->call(Array)
#21 C:\\laragon\\www\\tamviet-shop\\tamviet-ecommerce\\vendor\\laravel\\framework\\src\\Illuminate\\Foundation\\Application.php(852): Illuminate\\Foundation\\Application->bootProvider(Object(App\\Providers\\RouteServiceProvider))
#22 [internal function]: Illuminate\\Foundation\\Application->Illuminate\\Foundation\\{closure}(Object(App\\Providers\\RouteServiceProvider), 27)
#23 C:\\laragon\\www\\tamviet-shop\\tamviet-ecommerce\\vendor\\laravel\\framework\\src\\Illuminate\\Foundation\\Application.php(853): array_walk(Array, Object(Closure))
#24 C:\\laragon\\www\\tamviet-shop\\tamviet-ecommerce\\vendor\\laravel\\framework\\src\\Illuminate\\Foundation\\Bootstrap\\BootProviders.php(17): Illuminate\\Foundation\\Application->boot()
#25 C:\\laragon\\www\\tamviet-shop\\tamviet-ecommerce\\vendor\\laravel\\framework\\src\\Illuminate\\Foundation\\Application.php(230): Illuminate\\Foundation\\Bootstrap\\BootProviders->bootstrap(Object(Illuminate\\Foundation\\Application))
#26 C:\\laragon\\www\\tamviet-shop\\tamviet-ecommerce\\vendor\\laravel\\framework\\src\\Illuminate\\Foundation\\Console\\Kernel.php(310): Illuminate\\Foundation\\Application->bootstrapWith(Array)
#27 C:\\laragon\\www\\tamviet-shop\\tamviet-ecommerce\\vendor\\laravel\\framework\\src\\Illuminate\\Foundation\\Console\\Kernel.php(127): Illuminate\\Foundation\\Console\\Kernel->bootstrap()
#28 C:\\laragon\\www\\tamviet-shop\\tamviet-ecommerce\\artisan(37): Illuminate\\Foundation\\Console\\Kernel->handle(Object(Symfony\\Component\\Console\\Input\\ArgvInput), Object(Symfony\\Component\\Console\\Output\\ConsoleOutput))
#29 {main}
"} 
[2025-12-31 15:13:14] local.ERROR: Undefined offset: 0 {"exception":"[object] (ErrorException(code: 0): Undefined offset: 0 at C:\\laragon\\www\\tamviet-shop\\tamviet-ecommerce\\vendor\\laravel\\framework\\src\\Illuminate\\Routing\\Router.php:1269)
[stacktrace]
#0 C:\\laragon\\www\\tamviet-shop\\tamviet-ecommerce\\vendor\\laravel\\framework\\src\\Illuminate\\Routing\\Router.php(1269): Illuminate\\Foundation\\Bootstrap\\HandleExceptions->handleError(8, 'Undefined offse...', 'C:\\\\laragon\\\\www\\\\...', 1269, Array)
#1 C:\\laragon\\www\\tamviet-shop\\tamviet-ecommerce\\vendor\\laravel\\framework\\src\\Illuminate\\Support\\Traits\\ForwardsCalls.php(23): Illuminate\\Routing\\Router->__call('mapApiRoutes', Array)
#2 C:\\laragon\\www\\tamviet-shop\\tamviet-ecommerce\\vendor\\laravel\\framework\\src\\Illuminate\\Foundation\\Support\\Providers\\RouteServiceProvider.php(101): Illuminate\\Foundation\\Support\\Providers\\RouteServiceProvider->forwardCallTo(Object(Illuminate\\Routing\\Router), 'mapApiRoutes', Array)
#3 C:\\laragon\\www\\tamviet-shop\\tamviet-ecommerce\\app\\Providers\\RouteServiceProvider.php(43): Illuminate\\Foundation\\Support\\Providers\\RouteServiceProvider->__call('mapApiRoutes', Array)
#4 C:\\laragon\\www\\tamviet-shop\\tamviet-ecommerce\\vendor\\laravel\\framework\\src\\Illuminate\\Container\\BoundMethod.php(36): App\\Providers\\RouteServiceProvider->map()
#5 C:\\laragon\\www\\tamviet-shop\\tamviet-ecommerce\\vendor\\laravel\\framework\\src\\Illuminate\\Container\\Util.php(37): Illuminate\\Container\\BoundMethod::Illuminate\\Container\\{closure}()
#6 C:\\laragon\\www\\tamviet-shop\\tamviet-ecommerce\\vendor\\laravel\\framework\\src\\Illuminate\\Container\\BoundMethod.php(93): Illuminate\\Container\\Util::unwrapIfClosure(Object(Closure))
#7 C:\\laragon\\www\\tamviet-shop\\tamviet-ecommerce\\vendor\\laravel\\framework\\src\\Illuminate\\Container\\BoundMethod.php(37): Illuminate\\Container\\BoundMethod::callBoundMethod(Object(Illuminate\\Foundation\\Application), Array, Object(Closure))
#8 C:\\laragon\\www\\tamviet-shop\\tamviet-ecommerce\\vendor\\laravel\\framework\\src\\Illuminate\\Container\\Container.php(596): Illuminate\\Container\\BoundMethod::call(Object(Illuminate\\Foundation\\Application), Array, Array, NULL)
#9 C:\\laragon\\www\\tamviet-shop\\tamviet-ecommerce\\vendor\\laravel\\framework\\src\\Illuminate\\Foundation\\Support\\Providers\\RouteServiceProvider.php(87): Illuminate\\Container\\Container->call(Array)
#10 C:\\laragon\\www\\tamviet-shop\\tamviet-ecommerce\\vendor\\laravel\\framework\\src\\Illuminate\\Foundation\\Support\\Providers\\RouteServiceProvider.php(36): Illuminate\\Foundation\\Support\\Providers\\RouteServiceProvider->loadRoutes()
#11 C:\\laragon\\www\\tamviet-shop\\tamviet-ecommerce\\app\\Providers\\RouteServiceProvider.php(33): Illuminate\\Foundation\\Support\\Providers\\RouteServiceProvider->boot()
#12 C:\\laragon\\www\\tamviet-shop\\tamviet-ecommerce\\vendor\\laravel\\framework\\src\\Illuminate\\Container\\BoundMethod.php(36): App\\Providers\\RouteServiceProvider->boot()
#13 C:\\laragon\\www\\tamviet-shop\\tamviet-ecommerce\\vendor\\laravel\\framework\\src\\Illuminate\\Container\\Util.php(37): Illuminate\\Container\\BoundMethod::Illuminate\\Container\\{closure}()
#14 C:\\laragon\\www\\tamviet-shop\\tamviet-ecommerce\\vendor\\laravel\\framework\\src\\Illuminate\\Container\\BoundMethod.php(93): Illuminate\\Container\\Util::unwrapIfClosure(Object(Closure))
#15 C:\\laragon\\www\\tamviet-shop\\tamviet-ecommerce\\vendor\\laravel\\framework\\src\\Illuminate\\Container\\BoundMethod.php(37): Illuminate\\Container\\BoundMethod::callBoundMethod(Object(Illuminate\\Foundation\\Application), Array, Object(Closure))
#16 C:\\laragon\\www\\tamviet-shop\\tamviet-ecommerce\\vendor\\laravel\\framework\\src\\Illuminate\\Container\\Container.php(596): Illuminate\\Container\\BoundMethod::call(Object(Illuminate\\Foundation\\Application), Array, Array, NULL)
#17 C:\\laragon\\www\\tamviet-shop\\tamviet-ecommerce\\vendor\\laravel\\framework\\src\\Illuminate\\Foundation\\Application.php(869): Illuminate\\Container\\Container->call(Array)
#18 C:\\laragon\\www\\tamviet-shop\\tamviet-ecommerce\\vendor\\laravel\\framework\\src\\Illuminate\\Foundation\\Application.php(852): Illuminate\\Foundation\\Application->bootProvider(Object(App\\Providers\\RouteServiceProvider))
#19 [internal function]: Illuminate\\Foundation\\Application->Illuminate\\Foundation\\{closure}(Object(App\\Providers\\RouteServiceProvider), 27)
#20 C:\\laragon\\www\\tamviet-shop\\tamviet-ecommerce\\vendor\\laravel\\framework\\src\\Illuminate\\Foundation\\Application.php(853): array_walk(Array, Object(Closure))
#21 C:\\laragon\\www\\tamviet-shop\\tamviet-ecommerce\\vendor\\laravel\\framework\\src\\Illuminate\\Foundation\\Bootstrap\\BootProviders.php(17): Illuminate\\Foundation\\Application->boot()
#22 C:\\laragon\\www\\tamviet-shop\\tamviet-ecommerce\\vendor\\laravel\\framework\\src\\Illuminate\\Foundation\\Application.php(230): Illuminate\\Foundation\\Bootstrap\\BootProviders->bootstrap(Object(Illuminate\\Foundation\\Application))
#23 C:\\laragon\\www\\tamviet-shop\\tamviet-ecommerce\\vendor\\laravel\\framework\\src\\Illuminate\\Foundation\\Console\\Kernel.php(310): Illuminate\\Foundation\\Application->bootstrapWith(Array)
#24 C:\\laragon\\www\\tamviet-shop\\tamviet-ecommerce\\vendor\\laravel\\framework\\src\\Illuminate\\Foundation\\Console\\Kernel.php(127): Illuminate\\Foundation\\Console\\Kernel->bootstrap()
#25 C:\\laragon\\www\\tamviet-shop\\tamviet-ecommerce\\artisan(37): Illuminate\\Foundation\\Console\\Kernel->handle(Object(Symfony\\Component\\Console\\Input\\ArgvInput), Object(Symfony\\Component\\Console\\Output\\ConsoleOutput))
#26 {main}
"} 
[2025-12-31 15:15:47] local.ERROR: require(C:\laragon\www\tamviet-shop\tamviet-ecommerce\routes/api.php): failed to open stream: No such file or directory {"exception":"[object] (ErrorException(code: 0): require(C:\\laragon\\www\\tamviet-shop\\tamviet-ecommerce\\routes/api.php): failed to open stream: No such file or directory at C:\\laragon\\www\\tamviet-shop\\tamviet-ecommerce\\vendor\\laravel\\framework\\src\\Illuminate\\Routing\\RouteFileRegistrar.php:35)
[stacktrace]
#0 C:\\laragon\\www\\tamviet-shop\\tamviet-ecommerce\\vendor\\laravel\\framework\\src\\Illuminate\\Routing\\RouteFileRegistrar.php(35): Illuminate\\Foundation\\Bootstrap\\HandleExceptions->handleError(2, 'require(C:\\\\lara...', 'C:\\\\laragon\\\\www\\\\...', 35, Array)
#1 C:\\laragon\\www\\tamviet-shop\\tamviet-ecommerce\\vendor\\laravel\\framework\\src\\Illuminate\\Routing\\RouteFileRegistrar.php(35): require()
#2 C:\\laragon\\www\\tamviet-shop\\tamviet-ecommerce\\vendor\\laravel\\framework\\src\\Illuminate\\Routing\\Router.php(417): Illuminate\\Routing\\RouteFileRegistrar->register('C:\\\\laragon\\\\www\\\\...')
#3 C:\\laragon\\www\\tamviet-shop\\tamviet-ecommerce\\vendor\\laravel\\framework\\src\\Illuminate\\Routing\\Router.php(374): Illuminate\\Routing\\Router->loadRoutes('C:\\\\laragon\\\\www\\\\...')
#4 C:\\laragon\\www\\tamviet-shop\\tamviet-ecommerce\\vendor\\laravel\\framework\\src\\Illuminate\\Routing\\RouteRegistrar.php(135): Illuminate\\Routing\\Router->group(Array, 'C:\\\\laragon\\\\www\\\\...')
#5 C:\\laragon\\www\\tamviet-shop\\tamviet-ecommerce\\app\\Providers\\RouteServiceProvider.php(70): Illuminate\\Routing\\RouteRegistrar->group('C:\\\\laragon\\\\www\\\\...')
#6 C:\\laragon\\www\\tamviet-shop\\tamviet-ecommerce\\app\\Providers\\RouteServiceProvider.php(43): App\\Providers\\RouteServiceProvider->mapApiRoutes()
#7 C:\\laragon\\www\\tamviet-shop\\tamviet-ecommerce\\vendor\\laravel\\framework\\src\\Illuminate\\Container\\BoundMethod.php(36): App\\Providers\\RouteServiceProvider->map()
#8 C:\\laragon\\www\\tamviet-shop\\tamviet-ecommerce\\vendor\\laravel\\framework\\src\\Illuminate\\Container\\Util.php(37): Illuminate\\Container\\BoundMethod::Illuminate\\Container\\{closure}()
#9 C:\\laragon\\www\\tamviet-shop\\tamviet-ecommerce\\vendor\\laravel\\framework\\src\\Illuminate\\Container\\BoundMethod.php(93): Illuminate\\Container\\Util::unwrapIfClosure(Object(Closure))
#10 C:\\laragon\\www\\tamviet-shop\\tamviet-ecommerce\\vendor\\laravel\\framework\\src\\Illuminate\\Container\\BoundMethod.php(37): Illuminate\\Container\\BoundMethod::callBoundMethod(Object(Illuminate\\Foundation\\Application), Array, Object(Closure))
#11 C:\\laragon\\www\\tamviet-shop\\tamviet-ecommerce\\vendor\\laravel\\framework\\src\\Illuminate\\Container\\Container.php(596): Illuminate\\Container\\BoundMethod::call(Object(Illuminate\\Foundation\\Application), Array, Array, NULL)
#12 C:\\laragon\\www\\tamviet-shop\\tamviet-ecommerce\\vendor\\laravel\\framework\\src\\Illuminate\\Foundation\\Support\\Providers\\RouteServiceProvider.php(87): Illuminate\\Container\\Container->call(Array)
#13 C:\\laragon\\www\\tamviet-shop\\tamviet-ecommerce\\vendor\\laravel\\framework\\src\\Illuminate\\Foundation\\Support\\Providers\\RouteServiceProvider.php(36): Illuminate\\Foundation\\Support\\Providers\\RouteServiceProvider->loadRoutes()
#14 C:\\laragon\\www\\tamviet-shop\\tamviet-ecommerce\\app\\Providers\\RouteServiceProvider.php(33): Illuminate\\Foundation\\Support\\Providers\\RouteServiceProvider->boot()
#15 C:\\laragon\\www\\tamviet-shop\\tamviet-ecommerce\\vendor\\laravel\\framework\\src\\Illuminate\\Container\\BoundMethod.php(36): App\\Providers\\RouteServiceProvider->boot()
#16 C:\\laragon\\www\\tamviet-shop\\tamviet-ecommerce\\vendor\\laravel\\framework\\src\\Illuminate\\Container\\Util.php(37): Illuminate\\Container\\BoundMethod::Illuminate\\Container\\{closure}()
#17 C:\\laragon\\www\\tamviet-shop\\tamviet-ecommerce\\vendor\\laravel\\framework\\src\\Illuminate\\Container\\BoundMethod.php(93): Illuminate\\Container\\Util::unwrapIfClosure(Object(Closure))
#18 C:\\laragon\\www\\tamviet-shop\\tamviet-ecommerce\\vendor\\laravel\\framework\\src\\Illuminate\\Container\\BoundMethod.php(37): Illuminate\\Container\\BoundMethod::callBoundMethod(Object(Illuminate\\Foundation\\Application), Array, Object(Closure))
#19 C:\\laragon\\www\\tamviet-shop\\tamviet-ecommerce\\vendor\\laravel\\framework\\src\\Illuminate\\Container\\Container.php(596): Illuminate\\Container\\BoundMethod::call(Object(Illuminate\\Foundation\\Application), Array, Array, NULL)
#20 C:\\laragon\\www\\tamviet-shop\\tamviet-ecommerce\\vendor\\laravel\\framework\\src\\Illuminate\\Foundation\\Application.php(869): Illuminate\\Container\\Container->call(Array)
#21 C:\\laragon\\www\\tamviet-shop\\tamviet-ecommerce\\vendor\\laravel\\framework\\src\\Illuminate\\Foundation\\Application.php(852): Illuminate\\Foundation\\Application->bootProvider(Object(App\\Providers\\RouteServiceProvider))
#22 [internal function]: Illuminate\\Foundation\\Application->Illuminate\\Foundation\\{closure}(Object(App\\Providers\\RouteServiceProvider), 27)
#23 C:\\laragon\\www\\tamviet-shop\\tamviet-ecommerce\\vendor\\laravel\\framework\\src\\Illuminate\\Foundation\\Application.php(853): array_walk(Array, Object(Closure))
#24 C:\\laragon\\www\\tamviet-shop\\tamviet-ecommerce\\vendor\\laravel\\framework\\src\\Illuminate\\Foundation\\Bootstrap\\BootProviders.php(17): Illuminate\\Foundation\\Application->boot()
#25 C:\\laragon\\www\\tamviet-shop\\tamviet-ecommerce\\vendor\\laravel\\framework\\src\\Illuminate\\Foundation\\Application.php(230): Illuminate\\Foundation\\Bootstrap\\BootProviders->bootstrap(Object(Illuminate\\Foundation\\Application))
#26 C:\\laragon\\www\\tamviet-shop\\tamviet-ecommerce\\vendor\\laravel\\framework\\src\\Illuminate\\Foundation\\Console\\Kernel.php(310): Illuminate\\Foundation\\Application->bootstrapWith(Array)
#27 C:\\laragon\\www\\tamviet-shop\\tamviet-ecommerce\\vendor\\laravel\\framework\\src\\Illuminate\\Foundation\\Console\\Kernel.php(127): Illuminate\\Foundation\\Console\\Kernel->bootstrap()
#28 C:\\laragon\\www\\tamviet-shop\\tamviet-ecommerce\\artisan(37): Illuminate\\Foundation\\Console\\Kernel->handle(Object(Symfony\\Component\\Console\\Input\\ArgvInput), Object(Symfony\\Component\\Console\\Output\\ConsoleOutput))
#29 {main}
"} 
[2025-12-31 15:18:15] local.INFO: Base64 decoded attribute: {"decoded":{"1":["1"]}} 
